20MICRONS,20 Microns Limited,EQ,5
21STCENMGM,21st Century Management Services Limited,EQ,10
360ONE,360 ONE WAM LIMITED,EQ,1
3IINFOLTD,3i Infotech Limited,EQ,10
3MINDIA,3M India Limited,EQ,10
3PLAND,3P Land Holdings Limited,EQ,2
4THDIM,Fourth Dimension Solutions Limited,BE,2
5PAISA,5Paisa Capital Limited,EQ,10
63MOONS,63 moons technologies limited,EQ,2
A2ZINFRA,A2Z Infra Engineering Limited,EQ,10
AAATECH,AAA Technologies Limited,EQ,10
AAKASH,Aakash Exploration Services Limited,EQ,1
AAREYDRUGS,Aarey Drugs & Pharmaceuticals Limited,EQ,10
AARON,Aaron Industries Limited,EQ,10
AARTIDRUGS,Aarti Drugs Limited,EQ,10
AARTIIND,Aarti Industries Limited,EQ,5
AARTIPHARM,Aarti Pharmalabs Limited,EQ,5
AARTISURF,Aarti Surfactants Limited,EQ,10
AARVEEDEN,Aarvee Denims & Exports Limited,EQ,10
AARVI,Aarvi Encon Limited,EQ,10
AAVAS,Aavas Financiers Limited,EQ,10
ABAN,Aban Offshore Limited,EQ,2
ABB,ABB India Limited,EQ,2
ABBOTINDIA,Abbott India Limited,EQ,10
ABCAPITAL,Aditya Birla Capital Limited,EQ,10
ABFRL,Aditya Birla Fashion and Retail Limited,EQ,10
ABMINTLLTD,ABM International Limited,BE,10
ABSLAMC,Aditya Birla Sun Life AMC Limited,EQ,5
ACC,ACC Limited,EQ,10
ACCELYA,Accelya Solutions India Limited,EQ,10
ACCURACY,Accuracy Shipping Limited,EQ,1
ACE,Action Construction Equipment Limited,EQ,2
ACEINTEG,Ace Integrated Solutions Limited,BE,10
ACI,Archean Chemical Industries Limited,EQ,2
ADANIENT,Adani Enterprises Limited,EQ,1
ADANIGREEN,Adani Green Energy Limited,EQ,10
ADANIPORTS,Adani Ports and Special Economic Zone Limited,EQ,2
ADANIPOWER,Adani Power Limited,EQ,10
ADANITRANS,Adani Transmission Limited,EQ,10
ADFFOODS,ADF Foods Limited,EQ,10
ADL,Archidply Decor Limited,BE,10
ADORWELD,Ador Welding Limited,EQ,10
ADROITINFO,Adroit Infotech Limited,EQ,10
ADSL,Allied Digital Services Limited,EQ,5
ADVANIHOTR,Advani Hotels & Resorts (India) Limited,EQ,2
ADVENZYMES,Advanced Enzyme Technologies Limited,EQ,2
AEGISCHEM,Aegis Logistics Limited,EQ,1
AETHER,Aether Industries Limited,EQ,10
AFFLE,Affle (India) Limited,EQ,2
AGARIND,Agarwal Industrial Corporation Limited,EQ,10
AGI,AGI Greenpac Limited,EQ,2
AGRITECH,Agri-Tech (India) Limited,EQ,10
AGROPHOS,Agro Phos India Limited,EQ,10
AGSTRA,AGS Transact Technologies Limited,EQ,10
AHL,Abans Holdings Limited,EQ,2
AHLADA,Ahlada Engineers Limited,EQ,10
AHLEAST,Asian Hotels (East) Limited,EQ,10
AHLUCONT,Ahluwalia Contracts (India) Limited,EQ,2
AIAENG,AIA Engineering Limited,EQ,2
AIRAN,Airan Limited,EQ,2
AIROLAM,Airo Lam limited,EQ,10
AJANTPHARM,Ajanta Pharma Limited,EQ,2
AJMERA,Ajmera Realty & Infra India Limited,EQ,10
AJOONI,Ajooni Biotech Limited,EQ,2
AKASH,Akash Infra-Projects Limited,EQ,10
AKG,Akg Exim Limited,EQ,10
AKSHAR,Akshar Spintex Limited,BE,10
AKSHARCHEM,AksharChem India Limited,EQ,10
AKSHOPTFBR,Aksh Optifibre Limited,EQ,5
AKZOINDIA,Akzo Nobel India Limited,EQ,10
ALANKIT,Alankit Limited,EQ,1
ALBERTDAVD,Albert David Limited,EQ,10
ALEMBICLTD,Alembic Limited,EQ,2
ALICON,Alicon Castalloy Limited,EQ,5
ALKALI,Alkali Metals Limited,EQ,10
ALKEM,Alkem Laboratories Limited,EQ,2
ALKYLAMINE,Alkyl Amines Chemicals Limited,EQ,2
ALLCARGO,Allcargo Logistics Limited,EQ,2
ALLSEC,Allsec Technologies Limited,EQ,10
ALMONDZ,Almondz Global Securities Limited,EQ,6
ALOKINDS,Alok Industries Limited,EQ,1
ALPA,Alpa Laboratories Limited,EQ,10
ALPHAGEO,Alphageo (India) Limited,EQ,10
ALPSINDUS,Alps Industries Limited,EQ,10
AMARAJABAT,Amara Raja Batteries Limited,EQ,1
AMBER,Amber Enterprises India Limited,EQ,10
AMBICAAGAR,Ambica Agarbathies & Aroma industries Limited,EQ,10
AMBIKCO,Ambika Cotton Mills Limited,EQ,10
AMBUJACEM,Ambuja Cements Limited,EQ,2
AMDIND,AMD Industries Limited,EQ,10
AMIORG,Ami Organics Limited,EQ,10
AMJLAND,Amj Land Holdings Limited,EQ,2
AMRUTANJAN,Amrutanjan Health Care Limited,EQ,1
ANANDRATHI,Anand Rathi Wealth Limited,EQ,5
ANANTRAJ,Anant Raj Limited,EQ,2
ANDHRAPAP,ANDHRA PAPER LIMITED,EQ,10
ANDHRSUGAR,The Andhra Sugars Limited,EQ,2
ANDREWYU,Andrew Yule & Company Limited,EQ,2
ANGELONE,Angel One Limited,EQ,10
ANIKINDS,Anik Industries Limited,EQ,10
ANKITMETAL,Ankit Metal & Power Limited,EQ,10
ANMOL,Anmol India Limited,EQ,10
ANTGRAPHIC,Antarctica Limited,EQ,1
ANUP,The Anup Engineering Limited,EQ,10
ANURAS,Anupam Rasayan India Limited,EQ,10
APARINDS,Apar Industries Limited,EQ,10
APCL,Anjani Portland Cement Limited,EQ,10
APCOTEXIND,Apcotex Industries Limited,EQ,2
APEX,Apex Frozen Foods Limited,EQ,10
APLAPOLLO,APL Apollo Tubes Limited,EQ,2
APLLTD,Alembic Pharmaceuticals Limited,EQ,2
APOLLO,Apollo Micro Systems Limited,EQ,10
APOLLOHOSP,Apollo Hospitals Enterprise Limited,EQ,5
APOLLOPIPE,Apollo Pipes Limited,EQ,10
APOLLOTYRE,Apollo Tyres Limited,EQ,1
APOLSINHOT,Apollo Sindoori Hotels Limited,EQ,5
APTECHT,Aptech Limited,EQ,10
APTUS,Aptus Value Housing Finance India Limited,EQ,2
ARCHIDPLY,Archidply Industries Limited,EQ,10
ARCHIES,Archies Limited,EQ,2
ARENTERP,Rajdarshan Industries Limited,EQ,10
ARIES,Aries Agro Limited,EQ,10
ARIHANTCAP,Arihant Capital Markets Limited,EQ,1
ARIHANTSUP,Arihant Superstructures Limited,EQ,10
ARMANFIN,Arman Financial Services Limited,EQ,10
AROGRANITE,Aro Granite Industries Limited,EQ,10
ARROWGREEN,Arrow Greentech Limited,EQ,10
ARSHIYA,Arshiya Limited,EQ,2
ARTEMISMED,Artemis Medicare Services Limited,EQ,1
ARTNIRMAN,Art Nirman Limited,EQ,10
ARVEE,Arvee Laboratories (India) Limited,EQ,10
ARVIND,Arvind Limited,EQ,10
ARVINDFASN,Arvind Fashions Limited,EQ,4
ARVSMART,Arvind SmartSpaces Limited,EQ,10
ASAHIINDIA,Asahi India Glass Limited,EQ,1
ASAHISONG,Asahi Songwon Colors Limited,EQ,10
ASAL,Automotive Stampings and Assemblies Limited,EQ,10
ASALCBR,Associated Alcohols & Breweries Ltd.,EQ,10
ASHAPURMIN,Ashapura Minechem Limited,EQ,2
ASHIANA,Ashiana Housing Limited,EQ,2
ASHIMASYN,Ashima Limited,EQ,10
ASHOKA,Ashoka Buildcon Limited,EQ,5
ASHOKLEY,Ashok Leyland Limited,EQ,1
ASIANENE,Asian Energy Services Limited,EQ,10
ASIANHOTNR,Asian Hotels (North) Limited,EQ,10
ASIANPAINT,Asian Paints Limited,EQ,1
ASIANTILES,Asian Granito India Limited,EQ,10
ASMS,Bartronics India Limited,EQ,1
ASPINWALL,Aspinwall and Company Limited,EQ,10
ASTEC,Astec LifeSciences Limited,EQ,10
ASTERDM,Aster DM Healthcare Limited,EQ,10
ASTRAL,Astral Limited,EQ,1
ASTRAMICRO,Astra Microwave Products Limited,EQ,2
ASTRAZEN,AstraZeneca Pharma India Limited,EQ,2
ASTRON,Astron Paper & Board Mill Limited,EQ,10
ATFL,Agro Tech Foods Limited,EQ,10
ATGL,Adani Total Gas Limited,EQ,1
ATLANTA,Atlanta  Limited,EQ,2
ATUL,Atul Limited,EQ,10
ATULAUTO,Atul Auto Limited,EQ,5
AUBANK,AU Small Finance Bank Limited,EQ,10
AURIONPRO,Aurionpro Solutions Limited,EQ,10
AUROPHARMA,Aurobindo Pharma Limited,EQ,1
AURUM,Aurum PropTech Limited,EQ,5
AUSOMENT,Ausom Enterprise Limited,EQ,10
AUTOAXLES,Automotive Axles Limited,EQ,10
AUTOIND,Autoline Industries Limited,EQ,10
AVADHSUGAR,Avadh Sugar & Energy Limited,EQ,10
AVANTIFEED,Avanti Feeds Limited,EQ,1
AVONMORE,Avonmore Capital & Management Services Limited,EQ,10
AVROIND,AVRO INDIA LIMITED,EQ,10
AVTNPL,AVT Natural Products Limited,EQ,1
AWHCL,Antony Waste Handling Cell Limited,EQ,5
AWL,Adani Wilmar Limited,EQ,1
AXISBANK,Axis Bank Limited,EQ,2
AXISCADES,AXISCADES Technologies Limited,EQ,5
AXITA,Axita Cotton Limited,EQ,1
AYMSYNTEX,AYM Syntex Limited,EQ,10
BAFNAPH,Bafna Pharmaceuticals Limited,BE,10
BAGFILMS,B.A.G Films and Media Limited,EQ,2
BAIDFIN,Baid Finserv Limited,EQ,2
BAJAJ-AUTO,Bajaj Auto Limited,EQ,10
BAJAJCON,Bajaj Consumer Care Limited,EQ,1
BAJAJELEC,Bajaj Electricals Limited,EQ,2
BAJAJFINSV,Bajaj Finserv Limited,EQ,1
BAJAJHCARE,Bajaj Healthcare Limited,EQ,5
BAJAJHIND,Bajaj Hindusthan Sugar Limited,EQ,1
BAJAJHLDNG,Bajaj Holdings & Investment Limited,EQ,10
BAJFINANCE,Bajaj Finance Limited,EQ,2
BALAJITELE,Balaji Telefilms Limited,EQ,2
BALAMINES,Balaji Amines Limited,EQ,2
BALAXI,BALAXI PHARMACEUTICALS LIMITED,EQ,10
BALKRISHNA,Balkrishna Paper Mills Limited,EQ,10
BALKRISIND,Balkrishna Industries Limited,EQ,2
BALLARPUR,Ballarpur Industries Limited,BZ,2
BALMLAWRIE,Balmer Lawrie & Company Limited,EQ,10
BALPHARMA,Bal Pharma Limited,EQ,10
BALRAMCHIN,Balrampur Chini Mills Limited,EQ,1
BANARBEADS,Banaras Beads Limited,EQ,10
BANARISUG,Bannari Amman Sugars Limited,EQ,10
BANCOINDIA,Banco Products (I) Limited,EQ,2
BANDHANBNK,Bandhan Bank Limited,EQ,10
BANG,Bang Overseas Limited,EQ,10
BANKA,Banka BioLoo Limited,EQ,10
BANKBARODA,Bank of Baroda,EQ,2
BANKINDIA,Bank of India,EQ,10
BANSWRAS,Banswara Syntex Limited,EQ,5
BARBEQUE,Barbeque Nation Hospitality Limited,EQ,5
BASF,BASF India Limited,EQ,10
BASML,Bannari Amman Spinning Mills Limited,EQ,5
BATAINDIA,Bata India Limited,EQ,5
BAYERCROP,Bayer Cropscience Limited,EQ,10
BBL,Bharat Bijlee Limited,EQ,10
BBOX,Black Box Limited,EQ,2
BBTC,Bombay Burmah Trading Corporation Limited,EQ,2
BBTCL,B&B Triplewall Containers Limited,EQ,10
BCG,Brightcom Group Limited,EQ,2
BCLIND,Bcl Industries Limited,EQ,10
BCONCEPTS,Brand Concepts Limited,EQ,10
BCP,B.C. Power Controls Ltd,EQ,2
BDL,Bharat Dynamics Limited,EQ,10
BEARDSELL,Beardsell Limited,EQ,2
BECTORFOOD,Mrs. Bectors Food Specialities Limited,EQ,10
BEDMUTHA,Bedmutha Industries Limited,EQ,10
BEL,Bharat Electronics Limited,EQ,1
BEML,BEML Limited,EQ,10
BEPL,Bhansali Engineering Polymers Limited,EQ,1
BERGEPAINT,Berger Paints (I) Limited,EQ,1
BESTAGRO,Best Agrolife Limited,EQ,10
BFINVEST,BF Investment Limited,EQ,5
BFUTILITIE,BF Utilities Limited,EQ,5
BGRENERGY,BGR Energy Systems Limited,EQ,10
BHAGCHEM,Bhagiradha Chemicals & Industries Limited,EQ,10
BHAGERIA,Bhageria Industries Limited,EQ,5
BHAGYANGR,Bhagyanagar India Limited,EQ,2
BHANDARI,Bhandari Hosiery Exports Limited,EQ,1
BHARATFORG,Bharat Forge Limited,EQ,2
BHARATGEAR,Bharat Gears Limited,EQ,10
BHARATRAS,Bharat Rasayan Limited,EQ,10
BHARATWIRE,Bharat Wire Ropes Limited,EQ,10
BHARTIARTL,Bharti Airtel Limited,EQ,5
BHEL,Bharat Heavy Electricals Limited,EQ,2
BIGBLOC,Bigbloc Construction Limited,EQ,2
BIKAJI,Bikaji Foods International Limited,EQ,1
BIL,Bhartiya International Limited,EQ,10
BINANIIND,Binani Industries Limited,EQ,10
BINDALAGRO,Oswal Chemicals & Fertilizers Limited,EQ,10
BIOCON,Biocon Limited,EQ,5
BIOFILCHEM,Biofil Chemicals & Pharmaceuticals Limited,EQ,10
BIRLACABLE,Birla Cable Limited,EQ,10
BIRLACORPN,Birla Corporation Limited,EQ,10
BIRLAMONEY,Aditya Birla Money Limited,EQ,1
BKMINDST,Bkm Industries Limited,BZ,1
BLBLIMITED,BLB Limited,EQ,1
BLISSGVS,Bliss GVS Pharma Limited,EQ,1
BLKASHYAP,B. L. Kashyap and Sons Limited,EQ,1
BLS,BLS International Services Limited,EQ,1
BLUEDART,Blue Dart Express Limited,EQ,10
BLUESTARCO,Blue Star Limited,EQ,2
BODALCHEM,Bodal Chemicals Limited,EQ,2
BOHRAIND,Bohra Industries Limited,EQ,10
BOMDYEING,Bombay Dyeing & Mfg Company Limited,EQ,2
BOROLTD,Borosil Limited,EQ,1
BORORENEW,BOROSIL RENEWABLES LIMITED,EQ,1
BOSCHLTD,Bosch Limited,EQ,10
BPCL,Bharat Petroleum Corporation Limited,EQ,10
BPL,BPL Limited,EQ,10
BRIGADE,Brigade Enterprises Limited,EQ,10
BRITANNIA,Britannia Industries Limited,EQ,1
BRNL,Bharat Road Network Limited,EQ,10
BROOKS,Brooks Laboratories Limited,EQ,10
BSE,BSE Limited,EQ,2
BSHSL,Bombay Super Hybrid Seeds Limited,BE,1
BSL,BSL Limited,EQ,10
BSOFT,BIRLASOFT LIMITED,EQ,2
BTML,Bodhi Tree Multimedia Limited,EQ,10
BURNPUR,Burnpur Cement Limited,EQ,10
BUTTERFLY,Butterfly Gandhimathi Appliances Limited,EQ,10
BVCL,Barak Valley Cements Limited,EQ,10
BYKE,The Byke Hospitality Ltd,EQ,10
CALSOFT,California Software Company Limited,EQ,10
CAMLINFINE,Camlin Fine Sciences Limited,EQ,1
CAMPUS,Campus Activewear Limited,EQ,5
CAMS,Computer Age Management Services Limited,EQ,10
CANBK,Canara Bank,EQ,10
CANFINHOME,Can Fin Homes Limited,EQ,2
CANTABIL,Cantabil Retail India Limited,EQ,10
CAPACITE,Capacit'e Infraprojects Limited,EQ,10
CAPLIPOINT,Caplin Point Laboratories Limited,EQ,2
CAPTRUST,Capital Trust Limited,EQ,10
CARBORUNIV,Carborundum Universal Limited,EQ,1
CAREERP,Career Point Limited,EQ,10
CARERATING,CARE Ratings Limited,EQ,10
CARTRADE,Cartrade Tech Limited,EQ,10
CARYSIL,CARYSIL LIMITED,EQ,2
CASTROLIND,Castrol India Limited,EQ,5
CCHHL,Country Club Hospitality & Holidays Limited,EQ,2
CCL,CCL Products (India) Limited,EQ,2
CDSL,Central Depository Services (India) Limited,EQ,10
CEATLTD,CEAT Limited,EQ,10
CELEBRITY,Celebrity Fashions Limited,EQ,10
CENTENKA,Century Enka Limited,EQ,10
CENTEXT,Century Extrusions Limited,EQ,1
CENTRALBK,Central Bank of India,EQ,10
CENTRUM,Centrum Capital Limited,EQ,1
CENTUM,Centum Electronics Limited,EQ,10
CENTURYPLY,Century Plyboards (India) Limited,EQ,1
CENTURYTEX,Century Textiles & Industries Limited,EQ,10
CERA,Cera Sanitaryware Limited,EQ,5
CEREBRAINT,Cerebra Integrated Technologies Limited,EQ,10
CESC,CESC Limited,EQ,1
CGCL,Capri Global Capital Limited,EQ,2
CGPOWER,CG Power and Industrial Solutions Limited,EQ,2
CHALET,Chalet Hotels Limited,EQ,10
CHAMBLFERT,Chambal Fertilizers & Chemicals Limited,EQ,10
CHEMBOND,Chembond Chemicals Ltd,EQ,5
CHEMCON,Chemcon Speciality Chemicals Limited,EQ,10
CHEMFAB,Chemfab Alkalis Limited,EQ,10
CHEMPLASTS,Chemplast Sanmar Limited,EQ,5
CHENNPETRO,Chennai Petroleum Corporation Limited,EQ,10
CHEVIOT,Cheviot Company Limited,EQ,10
CHOICEIN,Choice International Limited,EQ,10
CHOLAFIN,Cholamandalam Investment and Finance Company Limited,EQ,2
CHOLAHLDNG,Cholamandalam Financial Holdings Limited,EQ,1
CIGNITITEC,Cigniti Technologies Limited,EQ,10
CINELINE,Cineline India Limited,EQ,5
CINEVISTA,Cinevista Limited,EQ,2
CIPLA,Cipla Limited,EQ,2
CLEAN,Clean Science and Technology Limited,EQ,1
CLEDUCATE,CL Educate Limited,EQ,5
CLSEL,Chaman Lal Setia Exports Limited,EQ,2
CMICABLES,CMI Limited,EQ,10
CMSINFO,CMS Info Systems Limited,EQ,10
COALINDIA,Coal India Limited,EQ,10
COASTCORP,Coastal Corporation Limited,EQ,10
COCHINSHIP,Cochin Shipyard Limited,EQ,10
COFFEEDAY,Coffee Day Enterprises Limited,EQ,10
COFORGE,Coforge Limited,EQ,10
COLPAL,Colgate Palmolive (India) Limited,EQ,1
COMPINFO,Compuage Infocom Limited,EQ,2
COMPUSOFT,Compucom Software Limited,EQ,2
CONCOR,Container Corporation of India Limited,EQ,5
CONFIPET,Confidence Petroleum India Limited,EQ,1
CONSOFINVT,Consolidated Finvest & Holdings Limited,EQ,10
CONTROLPR,Control Print Limited,EQ,10
CORALFINAC,Coral India Finance & Housing Limited,EQ,2
CORDSCABLE,Cords Cable Industries Limited,EQ,10
COROMANDEL,Coromandel International Limited,EQ,1
COSMOFIRST,COSMO FIRST LIMITED,EQ,10
COUNCODOS,Country Condo's Limited,EQ,1
CRAFTSMAN,Craftsman Automation Limited,EQ,5
CREATIVE,Creative Newtech Limited,EQ,10
CREATIVEYE,Creative Eye Limited,EQ,5
CREDITACC,CREDITACCESS GRAMEEN LIMITED,EQ,10
CREST,Crest Ventures Limited,EQ,10
CRISIL,CRISIL Limited,EQ,1
CROMPTON,Crompton Greaves Consumer Electricals Limited,EQ,2
CROWN,Crown Lifters Limited,EQ,10
CSBBANK,CSB Bank Limited,EQ,10
CSLFINANCE,CSL Finance Limited,EQ,10
CTE,Cambridge Technology Enterprises Limited,EQ,10
CUB,City Union Bank Limited,EQ,1
CUBEXTUB,Cubex Tubings Limited,EQ,10
CUMMINSIND,Cummins India Limited,EQ,2
CUPID,Cupid Limited,EQ,10
CYBERMEDIA,Cyber Media (India) Limited,EQ,10
CYBERTECH,Cybertech Systems And Software Limited,EQ,10
CYIENT,Cyient Limited,EQ,5
DAAWAT,LT Foods Limited,EQ,1
DABUR,Dabur India Limited,EQ,1
DALBHARAT,Dalmia Bharat Limited,EQ,2
DALMIASUG,Dalmia Bharat Sugar and Industries Limited,EQ,2
DAMODARIND,Damodar Industries Limited,EQ,5
DANGEE,Dangee Dums Limited,EQ,1
DATAMATICS,Datamatics Global Services Limited,EQ,5
DATAPATTNS,Data Patterns (India) Limited,EQ,2
DBCORP,D.B.Corp Limited,EQ,10
DBL,Dilip Buildcon Limited,EQ,10
DBOL,Dhampur Bio Organics Limited,EQ,10
DBREALTY,D B Realty Limited,EQ,10
DBSTOCKBRO,DB (International) Stock Brokers Limited,EQ,2
DCAL,Dishman Carbogen Amcis Limited,EQ,2
DCBBANK,DCB Bank Limited,EQ,10
DCI,Dc Infotech And Communication Limited,EQ,10
DCM,DCM  Limited,EQ,10
DCMFINSERV,DCM Financial Services Limited,EQ,10
DCMNVL,DCM Nouvelle Limited,EQ,10
DCMSHRIRAM,DCM Shriram Limited,EQ,2
DCMSRIND,DCM Shriram Industries Limited,EQ,2
DCW,DCW Limited,EQ,2
DCXINDIA,DCX Systems Limited,EQ,2
DECCANCE,Deccan Cements Limited,EQ,5
DEEPAKFERT,Deepak Fertilizers and Petrochemicals Corporation Limited,EQ,10
DEEPAKNTR,Deepak Nitrite Limited,EQ,2
DEEPENR,DEEP ENERGY RESOURCES LIMITED,EQ,10
DEEPINDS,Deep Industries Limited,EQ,10
DELHIVERY,Delhivery Limited,EQ,1
DELPHIFX,DELPHI WORLD MONEY LIMITED,EQ,10
DELTACORP,Delta Corp Limited,EQ,1
DELTAMAGNT,Delta Manufacturing Limited,EQ,10
DEN,Den Networks Limited,EQ,10
DENORA,De Nora India Limited,EQ,10
DEVIT,Dev Information Technology Limited,EQ,5
DEVYANI,Devyani International Limited,EQ,1
DFMFOODS,DFM Foods Limited,EQ,2
DGCONTENT,Digicontent Limited,EQ,2
DHAMPURSUG,Dhampur Sugar Mills Limited,EQ,10
DHANBANK,Dhanlaxmi Bank Limited,EQ,10
DHANI,Dhani Services Limited,EQ,2
DHANUKA,Dhanuka Agritech Limited,EQ,2
DHARMAJ,Dharmaj Crop Guard Limited,EQ,10
DHARSUGAR,Dharani Sugars&Chemicals Limited,BZ,10
DHRUV,Dhruv Consultancy Services Limited,EQ,10
DHUNINV,Dhunseri Investments Limited,EQ,10
DIAMONDYD,Prataap Snacks Limited,EQ,5
DICIND,DIC India Limited,EQ,10
DIGISPICE,DiGiSPICE Technologies Limited,EQ,3
DIGJAMLMTD,Digjam Limited,BE,10
DIL,Debock Industries Limited,EQ,10
DISHTV,Dish TV India Limited,EQ,1
DIVGIITTS,Divgi Torqtransfer Systems Limited,EQ,5
DIVISLAB,Divi's Laboratories Limited,EQ,2
DIXON,Dixon Technologies (India) Limited,EQ,2
DJML,DJ Mediaprint & Logistics Limited,EQ,10
DLF,DLF Limited,EQ,2
DLINKINDIA,D-Link (India) Limited,EQ,2
DMART,Avenue Supermarts Limited,EQ,10
DMCC,DMCC SPECIALITY CHEMICALS LIMITED,EQ,10
DNAMEDIA,Diligent Media Corporation Limited,EQ,1
DODLA,Dodla Dairy Limited,EQ,10
DOLATALGO,Dolat Algotech Limited,EQ,1
DOLLAR,Dollar Industries Limited,EQ,2
DONEAR,Donear Industries Limited,EQ,2
DPABHUSHAN,D. P. Abhushan Limited,EQ,10
DPSCLTD,DPSC Limited,EQ,1
DPWIRES,D P Wires Limited,EQ,10
DRCSYSTEMS,DRC Systems India Limited,EQ,1
DREAMFOLKS,Dreamfolks Services Limited,EQ,2
DREDGECORP,Dredging Corporation of India Limited,EQ,10
DRREDDY,Dr. Reddy's Laboratories Limited,EQ,5
DSSL,Dynacons Systems & Solutions Limited,EQ,10
DTIL,Dhunseri Tea & Industries Limited,EQ,10
DUCON,Ducon Infratechnologies Limited,EQ,1
DVL,Dhunseri Ventures Limited,EQ,10
DWARKESH,Dwarikesh Sugar Industries Limited,EQ,1
DYCL,Dynamic Cables Limited,EQ,10
DYNAMATECH,Dynamatic Technologies Limited,EQ,10
DYNPRO,Dynemic Products Limited,EQ,10
E2E,E2E Networks Limited,EQ,10
EASEMYTRIP,Easy Trip Planners Limited,EQ,1
EASTSILK,Eastern Silk Industries Limited,BE,2
ECLERX,eClerx Services Limited,EQ,10
EDELWEISS,Edelweiss Financial Services Limited,EQ,1
EDUCOMP,Educomp Solutions Limited,BZ,2
EICHERMOT,Eicher Motors Limited,EQ,1
EIDPARRY,EID Parry India Limited,EQ,1
EIFFL,Euro India Fresh Foods Limited,EQ,10
EIHAHOTELS,EIH Associated Hotels Limited,EQ,10
EIHOTEL,EIH Limited,EQ,2
EIMCOELECO,Eimco Elecon (India) Limited,EQ,10
EKC,Everest Kanto Cylinder Limited,EQ,2
ELDEHSG,Eldeco Housing And Industries Limited,EQ,2
ELECON,Elecon Engineering Company Limited,EQ,2
ELECTCAST,Electrosteel Castings Limited,EQ,1
ELECTHERM,Electrotherm (India) Limited,EQ,10
ELGIEQUIP,Elgi Equipments Limited,EQ,1
ELGIRUBCO,Elgi Rubber Company Limited,EQ,1
ELIN,Elin Electronics Limited,EQ,5
EMAMILTD,Emami Limited,EQ,1
EMAMIPAP,Emami Paper Mills Limited,EQ,2
EMAMIREAL,Emami Realty Limited,EQ,2
EMIL,Electronics Mart India Limited,EQ,10
EMKAY,Emkay Global Financial Services Limited,EQ,10
EMMBI,Emmbi Industries Limited,EQ,10
EMUDHRA,eMudhra Limited,EQ,5
ENDURANCE,Endurance Technologies Limited,EQ,10
ENERGYDEV,Energy Development Company Limited,EQ,10
ENGINERSIN,Engineers India Limited,EQ,5
ENIL,Entertainment Network (India) Limited,EQ,10
EPL,EPL Limited,EQ,2
EQUIPPP,Equippp Social Impact Technologies Limited,BE,1
EQUITASBNK,Equitas Small Finance Bank Limited,EQ,10
ERIS,Eris Lifesciences Limited,EQ,1
EROSMEDIA,Eros International Media Limited,EQ,10
ESABINDIA,Esab India Limited,EQ,10
ESCORTS,Escorts Kubota Limited,EQ,10
ESSARSHPNG,Essar Shipping Limited,EQ,10
ESSENTIA,Integra Essentia Limited,EQ,1
ESTER,Ester Industries Limited,EQ,5
ETHOSLTD,Ethos Limited,EQ,10
EUROTEXIND,Eurotex Industries and Exports Limited,BE,10
EVEREADY,Eveready Industries India Limited,EQ,5
EVERESTIND,Everest Industries Limited,EQ,10
EXCEL,Excel Realty N Infra Limited,EQ,1
EXCELINDUS,Excel Industries Limited,EQ,5
EXIDEIND,Exide Industries Limited,EQ,1
EXPLEOSOL,Expleo Solutions Limited,EQ,10
EXXARO,Exxaro Tiles Limited,EQ,10
FACT,Fertilizers and Chemicals Travancore Limited,EQ,10
FAIRCHEMOR,Fairchem Organics Limited,EQ,10
FAZE3Q,Faze Three Limited,EQ,10
FCL,Fineotex Chemical Limited,EQ,2
FCONSUMER,Future Consumer Limited,EQ,6
FCSSOFT,FCS Software Solutions Limited,EQ,1
FDC,FDC Limited,EQ,1
FEDERALBNK,The Federal Bank  Limited,EQ,2
FEL,Future Enterprises Limited,BZ,2
FELDVR,Future Enterprises Limited,BE,2
FIBERWEB,Fiberweb (India) Limited,EQ,10
FIEMIND,Fiem Industries Limited,EQ,10
FILATEX,Filatex India Limited,EQ,1
FINCABLES,Finolex Cables Limited,EQ,2
FINEORG,Fine Organic Industries Limited,EQ,5
FINOPB,Fino Payments Bank Limited,EQ,10
FINPIPE,Finolex Industries Limited,EQ,2
FIVESTAR,Five-Star Business Finance Limited,EQ,1
FLEXITUFF,Flexituff Ventures International Limited,EQ,10
FLFL,Future Lifestyle Fashions Limited,EQ,2
FLUOROCHEM,Gujarat Fluorochemicals Limited,EQ,1
FMGOETZE,Federal-Mogul Goetze (India) Limited.,EQ,10
FMNL,Future Market Networks Limited,EQ,10
FOCUS,Focus Lighting and Fixtures Limited,EQ,10
FOODSIN,Foods & Inns Limited,EQ,1
FORCEMOT,FORCE MOTORS LTD,EQ,10
FORTIS,Fortis Healthcare Limited,EQ,10
FOSECOIND,Foseco India Limited,EQ,10
FRETAIL,Future Retail Limited,BZ,2
FSC,Future Supply Chain Solutions Limited,BE,10
FSL,Firstsource Solutions Limited,EQ,10
FUSION,Fusion Micro Finance Limited,EQ,10
GABRIEL,Gabriel India Limited,EQ,1
GAEL,Gujarat Ambuja Exports Limited,EQ,1
GAIL,GAIL (India) Limited,EQ,10
GAL,Gyscoal Alloys Limited,EQ,1
GALAXYSURF,Galaxy Surfactants Limited,EQ,10
GALLANTT,Gallantt Ispat Limited,EQ,10
GANDHITUBE,Gandhi Special Tubes Limited,EQ,5
GANECOS,Ganesha Ecosphere Limited,EQ,10
GANESHBE,Ganesh Benzoplast Limited,EQ,1
GANESHHOUC,Ganesh Housing Corporation Limited,EQ,10
GANGAFORGE,Ganga Forging Limited,EQ,1
GANGESSECU,Ganges Securities Limited,EQ,10
GARFIBRES,Garware Technical Fibres Limited,EQ,10
GATEWAY,Gateway Distriparks Limited,EQ,10
GATI,GATI Limited,EQ,2
GAYAHWS,Gayatri Highways Limited,EQ,2
GAYAPROJ,Gayatri Projects Limited,BE,2
GEECEE,GeeCee Ventures Limited,EQ,10
GEEKAYWIRE,Geekay Wires Limited,EQ,10
GENCON,Generic Engineering Construction and Projects Limited,EQ,5
GENESYS,Genesys International Corporation Limited,EQ,5
GENUSPAPER,Genus Paper & Boards Limited,EQ,1
GENUSPOWER,Genus Power Infrastructures Limited,EQ,1
GEOJITFSL,Geojit Financial Services Limited,EQ,1
GEPIL,GE Power India Limited,EQ,10
GESHIP,The Great Eastern Shipping Company Limited,EQ,10
GET&D,GE T&D India Limited,EQ,2
GFLLIMITED,GFL Limited,EQ,1
GHCL,GHCL Limited,EQ,10
GICHSGFIN,GIC Housing Finance Limited,EQ,10
GICRE,General Insurance Corporation of India,EQ,5
GILLANDERS,Gillanders Arbuthnot & Company Limited,EQ,10
GILLETTE,Gillette India Limited,EQ,10
GINNIFILA,Ginni Filaments Limited,EQ,10
GIPCL,Gujarat Industries Power Company Limited,EQ,10
GISOLUTION,GI Engineering Solutions Limited,EQ,10
GKWLIMITED,GKW Limited,EQ,10
GLAND,Gland Pharma Limited,EQ,1
GLAXO,GlaxoSmithKline Pharmaceuticals Limited,EQ,10
GLENMARK,Glenmark Pharmaceuticals Limited,EQ,1
GLFL,Gujarat Lease Financing Limited,EQ,10
GLOBAL,Global Education Limited,EQ,5
GLOBALVECT,Global Vectra Helicorp Limited,EQ,10
GLOBE,Globe Textiles (India) Limited,EQ,2
GLOBUSSPR,Globus Spirits Limited,EQ,10
GLS,Glenmark Life Sciences Limited,EQ,2
GMBREW,GM Breweries Limited,EQ,10
GMDCLTD,Gujarat Mineral Development Corporation Limited,EQ,2
GMMPFAUDLR,GMM Pfaudler Limited,EQ,2
GMRINFRA,GMR Airports Infrastructure Limited,EQ,1
GMRP&UI,GMR Power and Urban Infra Limited,EQ,5
GNA,GNA Axles Limited,EQ,10
GNFC,Gujarat Narmada Valley Fertilizers and Chemicals Limited,EQ,10
GOACARBON,Goa Carbon Limited,EQ,10
GOCLCORP,GOCL Corporation Limited,EQ,2
GOCOLORS,Go Fashion (India) Limited,EQ,10
GODFRYPHLP,Godfrey Phillips India Limited,EQ,2
GODHA,Godha Cabcon & Insulation Limited,EQ,1
GODREJAGRO,Godrej Agrovet Limited,EQ,10
GODREJCP,Godrej Consumer Products Limited,EQ,1
GODREJIND,Godrej Industries Limited,EQ,1
GODREJPROP,Godrej Properties Limited,EQ,5
GOENKA,Goenka Diamond and Jewels Limited,BZ,1
GOKEX,Gokaldas Exports Limited,EQ,5
GOKUL,Gokul Refoils and Solvent Limited,EQ,2
GOKULAGRO,Gokul Agro Resources Limited,EQ,2
GOLDENTOBC,Golden Tobacco Limited,BZ,10
GOLDIAM,Goldiam International Limited,EQ,2
GOLDTECH,Goldstone Technologies Limited,EQ,10
GOODLUCK,Goodluck India Limited,EQ,2
GOODYEAR,Goodyear India Limited,EQ,10
GOYALALUM,Goyal Aluminiums Limited,BE,10
GPIL,Godawari Power And Ispat limited,EQ,5
GPPL,Gujarat Pipavav Port Limited,EQ,10
GPTINFRA,GPT Infraprojects Limited,EQ,10
GRANULES,Granules India Limited,EQ,1
GRAPHITE,Graphite India Limited,EQ,2
GRASIM,Grasim Industries Limited,EQ,2
GRAUWEIL,Grauer & Weil (India) Limited,EQ,1
GRAVITA,Gravita India Limited,EQ,2
GREAVESCOT,Greaves Cotton Limited,EQ,2
GREENLAM,Greenlam Industries Limited,EQ,1
GREENPANEL,Greenpanel Industries Limited,EQ,1
GREENPLY,Greenply Industries Limited,EQ,1
GREENPOWER,Orient Green Power Company Limited,EQ,10
GRINDWELL,Grindwell Norton Limited,EQ,5
GRINFRA,G R Infraprojects Limited,EQ,5
GRMOVER,GRM Overseas Limited,EQ,2
GROBTEA,The Grob Tea Company Limited,EQ,10
GRPLTD,GRP Limited,BE,10
GRSE,Garden Reach Shipbuilders & Engineers Limited,EQ,10
GRWRHITECH,Garware Hi-Tech Films Limited,EQ,10
GSCLCEMENT,Gujarat Sidhee Cement Limited,EQ,10
GSFC,Gujarat State Fertilizers & Chemicals Limited,EQ,2
GSLSU,Global Surfaces Limited,BE,10
GSPL,Gujarat State Petronet Limited,EQ,10
GSS,GSS Infotech Limited,EQ,10
GTL,GTL Limited,EQ,10
GTLINFRA,GTL Infrastructure Limited,EQ,10
GTPL,GTPL Hathway Limited,EQ,10
GUFICBIO,Gufic Biosciences Limited,EQ,1
GUJALKALI,Gujarat Alkalies and Chemicals Limited,EQ,10
GUJAPOLLO,Gujarat Apollo Industries Limited,EQ,10
GUJGASLTD,Gujarat Gas Limited,EQ,2
GUJRAFFIA,Gujarat Raffia Industries Limited,BE,10
GULFOILLUB,Gulf Oil Lubricants India Limited,EQ,2
GULFPETRO,GP Petroleums Limited,EQ,5
GULPOLY,Gulshan Polyols Limited,EQ,1
GVKPIL,GVK Power & Infrastructure Limited,EQ,1
HAL,Hindustan Aeronautics Limited,EQ,10
HAPPSTMNDS,Happiest Minds Technologies Limited,EQ,2
HARDWYN,Hardwyn India Limited,EQ,10
HARIOMPIPE,Hariom Pipe Industries Limited,EQ,10
HARRMALAYA,Harrisons  Malayalam Limited,EQ,10
HARSHA,Harsha Engineers International Limited,EQ,10
HATHWAY,Hathway Cable & Datacom Limited,EQ,2
HATSUN,Hatsun Agro Product Limited,EQ,1
HAVELLS,Havells India Limited,EQ,1
HAVISHA,Sri Havisha Hospitality and Infrastructure Limited,BE,2
HBLPOWER,HBL Power Systems Limited,EQ,1
HBSL,HB Stockholdings Limited,EQ,10
HCC,Hindustan Construction Company Limited,EQ,1
HCG,Healthcare Global Enterprises Limited,EQ,10
HCL-INSYS,HCL Infosystems Limited,EQ,2
HCLTECH,HCL Technologies Limited,EQ,2
HDFC,Housing Development Finance Corporation Limited,EQ,2
HDFCAMC,HDFC Asset Management Company Limited,EQ,5
HDFCBANK,HDFC Bank Limited,EQ,1
HDFCLIFE,HDFC Life Insurance Company Limited,EQ,10
HDIL,Housing Development and Infrastructure Limited,BZ,10
HEADSUP,Heads UP Ventures Limited,EQ,10
HECPROJECT,HEC Infra Projects Limited,EQ,10
HEG,HEG Limited,EQ,10
HEIDELBERG,HeidelbergCement India Limited,EQ,10
HEMIPROP,Hemisphere Properties India Limited,EQ,10
HERANBA,Heranba Industries Limited,EQ,10
HERCULES,Hercules Hoists Limited,EQ,1
HERITGFOOD,Heritage Foods Limited,EQ,5
HEROMOTOCO,Hero MotoCorp Limited,EQ,2
HESTERBIO,Hester Biosciences Limited,EQ,10
HEUBACHIND,Heubach Colorants India Limited,EQ,10
HEXATRADEX,Hexa Tradex Limited,EQ,2
HFCL,HFCL Limited,EQ,1
HGINFRA,H.G. Infra Engineering Limited,EQ,10
HGS,Hinduja Global Solutions Limited,EQ,10
HIKAL,Hikal Limited,EQ,2
HIL,HIL Limited,EQ,10
HILTON,Hilton Metal Forging Limited,BE,10
HIMATSEIDE,Himatsingka Seide Limited,EQ,5
HINDALCO,Hindalco Industries Limited,EQ,1
HINDCOMPOS,Hindustan Composites Limited,EQ,5
HINDCON,Hindcon Chemicals Limited,EQ,10
HINDCOPPER,Hindustan Copper Limited,EQ,5
HINDMOTORS,Hindustan Motors Limited,EQ,5
HINDOILEXP,Hindustan Oil Exploration Company Limited,EQ,10
HINDPETRO,Hindustan Petroleum Corporation Limited,EQ,10
HINDUNILVR,Hindustan Unilever Limited,EQ,1
HINDWAREAP,Hindware Home Innovation Limited,EQ,2
HINDZINC,Hindustan Zinc Limited,EQ,2
HIRECT,Hind Rectifiers Limited,EQ,2
HISARMETAL,Hisar Metal Industries Limited,EQ,10
HITECH,Hi-Tech Pipes Limited,EQ,1
HITECHCORP,Hitech Corporation Limited,EQ,10
HITECHGEAR,The Hi-Tech Gears Limited,EQ,10
HLEGLAS,HLE Glascoat Limited,EQ,2
HLVLTD,HLV LIMITED,EQ,2
HMT,HMT Limited,BZ,10
HMVL,Hindustan Media Ventures Limited,EQ,10
HNDFDS,Hindustan Foods Limited,EQ,2
HOMEFIRST,Home First Finance Company India Limited,EQ,2
HONAUT,Honeywell Automation India Limited,EQ,10
HONDAPOWER,Honda India Power Products Limited,EQ,10
HOVS,HOV Services Limited,EQ,10
HPAL,HP Adhesives Limited,EQ,10
HPIL,Hindprakash Industries Limited,BE,10
HPL,HPL Electric & Power Limited,EQ,10
HSCL,Himadri Speciality Chemical Limited,EQ,1
HTMEDIA,HT Media Limited,EQ,2
HUBTOWN,Hubtown Limited,EQ,10
HUDCO,Housing & Urban Development Corporation Limited,EQ,10
HUHTAMAKI,Huhtamaki India Limited,EQ,2
HYBRIDFIN,Hybrid Financial Services Limited,EQ,5
IBREALEST,Indiabulls Real Estate Limited,EQ,2
IBULHSGFIN,Indiabulls Housing Finance Limited,EQ,2
ICDSLTD,ICDS Limited,BE,10
ICEMAKE,Ice Make Refrigeration Limited,EQ,10
ICICIBANK,ICICI Bank Limited,EQ,2
ICICIGI,ICICI Lombard General Insurance Company Limited,EQ,10
ICICIPRULI,ICICI Prudential Life Insurance Company Limited,EQ,10
ICIL,Indo Count Industries Limited,EQ,2
ICRA,ICRA Limited,EQ,10
IDBI,IDBI Bank Limited,EQ,10
IDEA,Vodafone Idea Limited,EQ,10
IDFC,IDFC Limited,EQ,10
IDFCFIRSTB,IDFC First Bank Limited,EQ,10
IEL,Indiabulls Enterprises Limited,EQ,2
IEX,Indian Energy Exchange Limited,EQ,1
IFBAGRO,IFB Agro Industries Limited,EQ,10
IFBIND,IFB Industries Limited,EQ,10
IFCI,IFCI Limited,EQ,10
IFGLEXPOR,IFGL Refractories Limited,EQ,10
IGARASHI,Igarashi Motors India Limited,EQ,10
IGL,Indraprastha Gas Limited,EQ,2
IGPL,IG Petrochemicals Limited,EQ,10
IIFL,IIFL Finance Limited,EQ,2
IIFLSEC,IIFL Securities Limited,EQ,2
IITL,Industrial Investment Trust Limited,EQ,10
IL&FSENGG,IL&FS Engineering and Construction Company Limited,BZ,10
IL&FSTRANS,IL&FS Transportation Networks Limited,BZ,10
IMAGICAA,Imagicaaworld Entertainment Limited,EQ,10
IMFA,Indian Metals & Ferro Alloys Limited,EQ,10
IMPAL,India Motor Parts and Accessories Limited,EQ,10
IMPEXFERRO,Impex Ferro Tech Limited,BE,10
INCREDIBLE,INCREDIBLE INDUSTRIES LIMITED,EQ,10
INDBANK,Indbank Merchant Banking Services Limited,EQ,10
INDHOTEL,The Indian Hotels Company Limited,EQ,1
INDIACEM,The India Cements Limited,EQ,10
INDIAGLYCO,India Glycols Limited,EQ,10
INDIAMART,Indiamart Intermesh Limited,EQ,10
INDIANB,Indian Bank,EQ,10
INDIANCARD,Indian Card Clothing Company Limited,EQ,10
INDIANHUME,Indian Hume Pipe Company Limited,EQ,2
INDIGO,InterGlobe Aviation Limited,EQ,10
INDIGOPNTS,Indigo Paints Limited,EQ,10
INDLMETER,IMP Powers Limited,BZ,10
INDNIPPON,India Nippon Electricals Limited,EQ,5
INDOAMIN,Indo Amines Limited,EQ,5
INDOBORAX,Indo Borax & Chemicals Limited,EQ,1
INDOCO,Indoco Remedies Limited,EQ,2
INDORAMA,Indo Rama Synthetics (India) Limited,EQ,10
INDOSTAR,IndoStar Capital Finance Limited,BE,10
INDOTECH,Indo Tech Transformers Limited,EQ,10
INDOTHAI,Indo Thai Securities Limited,BE,10
INDOWIND,Indowind Energy Limited,EQ,10
INDRAMEDCO,Indraprastha Medical Corporation Limited,BE,10
INDSWFTLAB,Ind-Swift Laboratories Limited,EQ,10
INDSWFTLTD,Ind-Swift Limited,EQ,2
INDTERRAIN,Indian Terrain Fashions Limited,EQ,2
INDUSINDBK,IndusInd Bank Limited,EQ,10
INDUSTOWER,Indus Towers Limited,EQ,10
INFIBEAM,Infibeam Avenues Limited,EQ,1
INFOBEAN,InfoBeans Technologies Limited,EQ,10
INFOMEDIA,Infomedia Press Limited,EQ,10
INFY,Infosys Limited,EQ,5
INGERRAND,Ingersoll Rand (India) Limited,EQ,10
INOXGREEN,Inox Green Energy Services Limited,EQ,10
INOXWIND,Inox Wind Limited,EQ,10
INSECTICID,Insecticides (India) Limited,EQ,10
INSPIRISYS,Inspirisys Solutions Limited,EQ,10
INTELLECT,Intellect Design Arena Limited,EQ,5
INTENTECH,Intense Technologies Limited,EQ,2
INTLCONV,International Conveyors Limited,EQ,1
INVENTURE,Inventure Growth & Securities Limited,EQ,1
IOB,Indian Overseas Bank,EQ,10
IOC,Indian Oil Corporation Limited,EQ,10
IOLCP,IOL Chemicals and Pharmaceuticals Limited,EQ,10
IONEXCHANG,ION Exchange (India) Limited,EQ,10
IPCALAB,IPCA Laboratories Limited,EQ,1
IPL,India Pesticides Limited,EQ,1
IRB,IRB Infrastructure Developers Limited,EQ,1
IRCON,Ircon International Limited,EQ,2
IRCTC,Indian Railway Catering And Tourism Corporation Limited,EQ,2
IRFC,Indian Railway Finance Corporation Limited,EQ,10
IRIS,Iris Business Services Limited,EQ,10
IRISDOREME,Iris Clothings Limited,EQ,10
ISEC,ICICI Securities Limited,EQ,5
ISFT,Intrasoft Technologies Limited,EQ,10
ISGEC,Isgec Heavy Engineering Limited,EQ,1
ISMTLTD,ISMT Limited,EQ,5
ITC,ITC Limited,EQ,1
ITDC,India Tourism Development Corporation Limited,EQ,10
ITDCEM,ITD Cementation India Limited,EQ,1
ITI,ITI Limited,EQ,10
IVC,IL&FS Investment Managers Limited,EQ,2
IVP,IVP Limited,EQ,10
IWEL,Inox Wind Energy Limited,EQ,10
IZMO,IZMO Limited,EQ,10
J&KBANK,The Jammu & Kashmir Bank Limited,EQ,1
JAGRAN,Jagran Prakashan Limited,EQ,2
JAGSNPHARM,Jagsonpal Pharmaceuticals Limited,EQ,5
JAIBALAJI,Jai Balaji Industries Limited,EQ,10
JAICORPLTD,Jai Corp Limited,EQ,1
JAIPURKURT,Nandani Creation Limited,EQ,10
JAMNAAUTO,Jamna Auto Industries Limited,EQ,1
JASH,Jash Engineering Limited,EQ,10
JAYAGROGN,Jayant Agro Organics Limited,EQ,5
JAYBARMARU,Jay Bharat Maruti Limited,EQ,5
JAYNECOIND,Jayaswal Neco Industries Limited,EQ,10
JAYSREETEA,Jayshree Tea & Industries Limited,EQ,5
JBCHEPHARM,JB Chemicals & Pharmaceuticals Limited,EQ,2
JBMA,JBM Auto Limited,EQ,2
JCHAC,Johnson Controls - Hitachi Air Conditioning India Limited,EQ,10
JETAIRWAYS,Jet Airways (India) Limited,BZ,10
JETFREIGHT,Jet Freight Logistics Limited,EQ,5
JHS,JHS Svendgaard Laboratories Limited,EQ,10
JINDALPHOT,Jindal Photo Limited,EQ,10
JINDALPOLY,Jindal Poly Films Limited,EQ,10
JINDALSAW,Jindal Saw Limited,EQ,2
JINDALSTEL,Jindal Steel & Power Limited,EQ,1
JINDRILL,Jindal Drilling And Industries Limited,EQ,5
JINDWORLD,Jindal Worldwide Limited,EQ,1
JISLDVREQS,Jain Irrigation Systems Limited,EQ,2
JISLJALEQS,Jain Irrigation Systems Limited,EQ,2
JITFINFRA,JITF Infralogistics Limited,BE,2
JKCEMENT,JK Cement Limited,EQ,10
JKIL,J.Kumar Infraprojects Limited,EQ,5
JKLAKSHMI,JK Lakshmi Cement Limited,EQ,5
JKPAPER,JK Paper Limited,EQ,10
JKTYRE,JK Tyre & Industries Limited,EQ,2
JMA,Jullundur Motor Agency (Delhi) Limited,EQ,2
JMFINANCIL,JM Financial Limited,EQ,1
JOCIL,Jocil Limited,EQ,10
JPASSOCIAT,Jaiprakash Associates Limited,EQ,2
JPOLYINVST,Jindal Poly Investment and Finance Company Limited,EQ,10
JPPOWER,Jaiprakash Power Ventures Limited,EQ,10
JSL,Jindal Stainless Limited,EQ,2
JSWENERGY,JSW Energy Limited,EQ,10
JSWHL,JSW Holdings Limited,EQ,10
JSWISPL,JSW Ispat Special Products Limited,EQ,10
JSWSTEEL,JSW Steel Limited,EQ,1
JTEKTINDIA,Jtekt India Limited,EQ,1
JTLIND,JTL INDUSTRIES LIMITED,EQ,2
JUBLFOOD,Jubilant Foodworks Limited,EQ,2
JUBLINDS,Jubilant Industries Limited,EQ,10
JUBLINGREA,Jubilant Ingrevia Limited,EQ,1
JUBLPHARMA,Jubilant Pharmova Limited,EQ,1
JUSTDIAL,Just Dial Limited,EQ,10
JWL,Jupiter Wagons Limited,EQ,10
JYOTHYLAB,Jyothy Labs Limited,EQ,1
JYOTISTRUC,Jyoti Structures Limited,BZ,2
KABRAEXTRU,Kabra Extrusion Technik Limited,EQ,5
KAJARIACER,Kajaria Ceramics Limited,EQ,1
KAKATCEM,Kakatiya Cement Sugar & Industries Limited,EQ,10
KALPATPOWR,Kalpataru Power Transmission Limited,EQ,2
KALYANI,Kalyani Commercials Limited,BE,10
KALYANIFRG,Kalyani Forge Limited,BE,10
KALYANKJIL,Kalyan Jewellers India Limited,EQ,10
KAMATHOTEL,Kamat Hotels (I) Limited,EQ,10
KAMDHENU,Kamdhenu Limited,EQ,10
KAMOPAINTS,Kamdhenu Ventures Limited,EQ,5
KANANIIND,Kanani Industries Limited,EQ,1
KANORICHEM,Kanoria Chemicals & Industries Limited,EQ,5
KANPRPLA,Kanpur Plastipack Limited,EQ,10
KANSAINER,Kansai Nerolac Paints Limited,EQ,1
KAPSTON,Kapston Services Limited,EQ,10
KARMAENG,Karma Energy Limited,BE,10
KARURVYSYA,Karur Vysya Bank Limited,EQ,2
KAUSHALYA,Kaushalya Infrastructure Development Corporation Limited,EQ,10
KAVVERITEL,Kavveri Telecom Products Limited,EQ,10
KAYA,Kaya Limited,EQ,10
KAYNES,Kaynes Technology India Limited,EQ,10
KBCGLOBAL,KBC Global Limited,BE,1
KCP,KCP Limited,EQ,1
KCPSUGIND,KCP Sugar and Industries Corporation Limited,EQ,1
KDDL,KDDL Limited,EQ,10
KEC,KEC International Limited,EQ,2
KECL,Kirloskar Electric Company Limited,EQ,10
KEEPLEARN,DSJ Keep Learning Limited,BE,1
KEI,KEI Industries Limited,EQ,2
KELLTONTEC,Kellton Tech Solutions Limited,EQ,5
KENNAMET,Kennametal India Limited,EQ,10
KERNEX,Kernex Microsystems (India) Limited,BE,10
KESORAMIND,Kesoram Industries Limited,EQ,10
KEYFINSERV,Keynote Financial Services Limited,EQ,10
KFINTECH,Kfin Technologies Limited,EQ,10
KHADIM,Khadim India Limited,EQ,10
KHAICHEM,Khaitan Chemicals & Fertilizers Limited,EQ,1
KHAITANLTD,Khaitan (India) Limited,EQ,10
KHANDSE,Khandwala Securities Limited,EQ,10
KICL,Kalyani Investment Company Limited,EQ,10
KILITCH,Kilitch Drugs (India) Limited,EQ,10
KIMS,Krishna Institute of Medical Sciences Limited,EQ,10
KINGFA,Kingfa Science & Technology (India) Limited,EQ,10
KIOCL,KIOCL Limited,EQ,10
KIRIINDUS,Kiri Industries Limited,EQ,10
KIRLFER,Kirloskar Ferrous Industries Ltd,EQ,5
KIRLOSBROS,Kirloskar Brothers Limited,EQ,2
KIRLOSENG,Kirloskar Oil Engines Limited,EQ,2
KIRLOSIND,Kirloskar Industries Limited,EQ,10
KITEX,Kitex Garments Limited,EQ,1
KKCL,Kewal Kiran Clothing Limited,EQ,10
KMSUGAR,K.M.Sugar Mills Limited,EQ,2
KNRCON,KNR Constructions Limited,EQ,2
KOHINOOR,Kohinoor Foods Limited,EQ,10
KOKUYOCMLN,Kokuyo Camlin Limited,EQ,1
KOLTEPATIL,Kolte - Patil Developers Limited,EQ,10
KOPRAN,Kopran Limited,EQ,10
KOTAKBANK,Kotak Mahindra Bank Limited,EQ,5
KOTARISUG,Kothari Sugars And Chemicals Limited,EQ,10
KOTHARIPET,Kothari Petrochemicals Limited,EQ,10
KOTHARIPRO,Kothari Products Limited,EQ,10
KOVAI,Kovai Medical Center and Hospital Limited,EQ,10
KPIGREEN,KPI Green Energy Limited,EQ,10
KPITTECH,KPIT Technologies Limited,EQ,10
KPRMILL,K.P.R. Mill Limited,EQ,1
KRBL,KRBL Limited,EQ,1
KREBSBIO,Krebs Biochemicals and Industries Limited,EQ,10
KRIDHANINF,Kridhan Infra Limited,EQ,2
KRISHANA,Krishana Phoschem Limited,EQ,10
KRITI,Kriti Industries (India) Limited,EQ,1
KRITIKA,Kritika Wires Limited,EQ,2
KRITINUT,Kriti Nutrients Limited,EQ,1
KRSNAA,Krsnaa Diagnostics Limited,EQ,5
KSB,Ksb Limited,EQ,10
KSCL,Kaveri Seed Company Limited,EQ,2
KSHITIJPOL,Kshitij Polyline Limited,EQ,2
KSL,Kalyani Steels Limited,EQ,5
KSOLVES,Ksolves India Limited,EQ,10
KTKBANK,The Karnataka Bank Limited,EQ,10
KUANTUM,Kuantum Papers Limited,EQ,1
L&TFH,L&T Finance Holdings Limited,EQ,10
LAGNAM,Lagnam Spintex Limited,EQ,10
LAKPRE,Lakshmi Precision Screws Limited,BZ,10
LALPATHLAB,Dr. Lal Path Labs Ltd.,EQ,10
LAMBODHARA,Lambodhara Textiles Limited,EQ,5
LANCER,Lancer Container Lines Limited,EQ,5
LANDMARK,Landmark Cars Limited,EQ,5
LAOPALA,La Opala RG Limited,EQ,2
LASA,Lasa Supergenerics Limited,EQ,10
LATENTVIEW,Latent View Analytics Limited,EQ,1
LAURUSLABS,Laurus Labs Limited,EQ,2
LAXMICOT,Laxmi Cotspin Limited,EQ,10
LAXMIMACH,Lakshmi Machine Works Limited,EQ,10
LCCINFOTEC,LCC Infotech Limited,EQ,2
LEMONTREE,Lemon Tree Hotels Limited,EQ,10
LEXUS,Lexus Granito (India) Limited,EQ,10
LFIC,Lakshmi Finance & Industrial Corporation Limited,EQ,10
LGBBROSLTD,LG Balakrishnan & Bros Limited,EQ,10
LGBFORGE,LGB Forge Limited,EQ,1
LIBAS,Libas Consumer Products Limited,EQ,10
LIBERTSHOE,Liberty Shoes Limited,EQ,10
LICHSGFIN,LIC Housing Finance Limited,EQ,2
LICI,Life Insurance Corporation Of India,EQ,10
LIKHITHA,Likhitha Infrastructure Limited,EQ,5
LINC,Linc Limited,EQ,10
LINCOLN,Lincoln Pharmaceuticals Limited,EQ,10
LINDEINDIA,Linde India Limited,EQ,10
LODHA,Macrotech Developers Limited,EQ,10
LOKESHMACH,Lokesh Machines Limited,EQ,10
LOTUSEYE,Lotus Eye Hospital and Institute Limited,EQ,10
LOVABLE,Lovable Lingerie Limited,EQ,10
LOYALTEX,Loyal Textile Mills Limited,EQ,10
LPDC,Landmark Property Development Company Limited,EQ,1
LSIL,Lloyds Steels Industries Limited,EQ,1
LT,Larsen & Toubro Limited,EQ,2
LTIM,LTIMindtree Limited,EQ,1
LTTS,L&T Technology Services Limited,EQ,2
LUMAXIND,Lumax Industries Limited,EQ,10
LUMAXTECH,Lumax Auto Technologies Limited,EQ,2
LUPIN,Lupin Limited,EQ,2
LUXIND,Lux Industries Limited,EQ,2
LXCHEM,Laxmi Organic Industries Limited,EQ,2
LYKALABS,Lyka Labs Limited,EQ,10
LYPSAGEMS,Lypsa Gems & Jewellery Limited,EQ,10
M&M,Mahindra & Mahindra Limited,EQ,5
M&MFIN,Mahindra & Mahindra Financial Services Limited,EQ,2
MAANALU,Maan Aluminium Limited,EQ,10
MACPOWER,Macpower CNC Machines Limited,EQ,10
MADHAV,Madhav Marbles and Granites Limited,EQ,10
MADHUCON,Madhucon Projects Limited,EQ,1
MADRASFERT,Madras Fertilizers Limited,EQ,10
MAGADSUGAR,Magadh Sugar & Energy Limited,EQ,10
MAGNUM,Magnum Ventures Limited,EQ,10
MAHABANK,Bank of Maharashtra,EQ,10
MAHAPEXLTD,Maha Rashtra Apex Corporation Limited,EQ,10
MAHASTEEL,Mahamaya Steel Industries Limited,EQ,10
MAHEPC,Mahindra EPC Irrigation Limited,EQ,10
MAHESHWARI,Maheshwari Logistics Limited,EQ,10
MAHINDCIE,Mahindra CIE Automotive Limited,EQ,10
MAHLIFE,Mahindra Lifespace Developers Limited,EQ,10
MAHLOG,Mahindra Logistics Limited,EQ,10
MAHSCOOTER,Maharashtra Scooters Limited,EQ,10
MAHSEAMLES,Maharashtra Seamless Limited,EQ,5
MAITHANALL,Maithan Alloys Limited,EQ,10
MALLCOM,Mallcom (India) Limited,EQ,10
MALUPAPER,Malu Paper Mills Limited,EQ,10
MANAKALUCO,Manaksia Aluminium Company Limited,EQ,1
MANAKCOAT,Manaksia Coated Metals & Industries Limited,EQ,1
MANAKSIA,Manaksia Limited,EQ,2
MANAKSTEEL,Manaksia Steels Limited,EQ,1
MANALIPETC,Manali Petrochemicals Limited,EQ,5
MANAPPURAM,Manappuram Finance Limited,EQ,2
MANGALAM,Mangalam Drugs And Organics Limited,EQ,10
MANGCHEFER,Mangalore Chemicals & Fertilizers Limited,EQ,10
MANGLMCEM,Mangalam Cement Limited,EQ,10
MANINDS,Man Industries (India) Limited,EQ,5
MANINFRA,Man Infraconstruction Limited,EQ,2
MANOMAY,Manomay Tex India Limited,EQ,10
MANORAMA,Manorama Industries Limited,EQ,10
MANORG,Mangalam Organics Limited,EQ,10
MANUGRAPH,Manugraph India Limited,EQ,2
MANYAVAR,Vedant Fashions Limited,EQ,1
MAPMYINDIA,C.E. Info Systems Limited,EQ,2
MARALOVER,Maral Overseas Limited,EQ,10
MARATHON,Marathon Nextgen Realty Limited,EQ,5
MARICO,Marico Limited,EQ,1
MARINE,Marine Electricals (India) Limited,EQ,2
MARKSANS,Marksans Pharma Limited,EQ,1
MARSHALL,Marshall Machines Limited,BE,10
MARUTI,Maruti Suzuki India Limited,EQ,5
MASFIN,MAS Financial Services Limited,EQ,10
MASKINVEST,Mask Investments Limited,BE,10
MASTEK,Mastek Limited,EQ,5
MATRIMONY,Matrimony.Com Limited,EQ,5
MAWANASUG,Mawana Sugars Limited,EQ,10
MAXHEALTH,Max Healthcare Institute Limited,EQ,10
MAXIND,Max India Limited,EQ,10
MAXVIL,Max Ventures and Industries Limited,EQ,10
MAYURUNIQ,Mayur Uniquoters Ltd,EQ,5
MAZDA,Mazda Limited,EQ,10
MAZDOCK,Mazagon Dock Shipbuilders Limited,EQ,10
MBAPL,Madhya Bharat Agro Products Limited,EQ,10
MBLINFRA,MBL Infrastructure Limited,EQ,10
MCDOWELL-N,United Spirits Limited,EQ,2
MCL,Madhav Copper Limited,EQ,5
MCLEODRUSS,Mcleod Russel India Limited,BE,5
MCX,Multi Commodity Exchange of India Limited,EQ,10
MEDANTA,Global Health Limited,EQ,2
MEDICAMEQ,Medicamen Biotech Limited,EQ,10
MEDICO,Medico Remedies Limited,EQ,2
MEDPLUS,Medplus Health Services Limited,EQ,2
MEGASOFT,Megasoft Limited,EQ,10
MEGASTAR,Megastar Foods Limited,EQ,10
MELSTAR,Melstar Information Technologies Limited,BZ,10
MENONBE,Menon Bearings Limited,EQ,1
MEP,MEP Infrastructure Developers Limited,EQ,10
METALFORGE,Metalyst Forgings Limited,BZ,10
METROBRAND,Metro Brands Limited,EQ,5
METROPOLIS,Metropolis Healthcare Limited,EQ,2
MFL,Meghmani Finechem Limited,EQ,10
MFSL,Max Financial Services Limited,EQ,2
MGEL,Mangalam Global Enterprise Limited,EQ,2
MGL,Mahanagar Gas Limited,EQ,10
MHLXMIRU,Mahalaxmi Rubtech Limited,EQ,10
MHRIL,Mahindra Holidays & Resorts India Limited,EQ,10
MICEL,MIC Electronics Limited,EQ,2
MIDHANI,Mishra Dhatu Nigam Limited,EQ,10
MINDACORP,Minda Corporation Limited,EQ,2
MINDTECK,Mindteck (India) Limited,EQ,10
MIRCELECTR,MIRC Electronics Limited,EQ,1
MIRZAINT,Mirza International Limited,EQ,2
MITCON,MITCON Consultancy & Engineering Services Limited,EQ,10
MITTAL,Mittal Life Style Limited,EQ,10
MMFL,MM Forgings Limited,EQ,10
MMP,MMP Industries Limited,EQ,10
MMTC,MMTC Limited,EQ,1
MODIRUBBER,Modi Rubber Limited,BE,10
MODISONLTD,MODISON LIMITED,EQ,1
MOHITIND,Mohit Industries Limited,EQ,10
MOIL,MOIL Limited,EQ,10
MOKSH,Moksh Ornaments Limited,EQ,2
MOL,Meghmani Organics Limited,EQ,1
MOLDTECH,Mold-Tek Technologies Limited,EQ,2
MOLDTKPAC,Mold-Tek Packaging Limited,EQ,5
MONARCH,Monarch Networth Capital Limited,EQ,10
MONTECARLO,Monte Carlo Fashions Limited,EQ,10
MORARJEE,Morarjee Textiles Limited,EQ,7
MOREPENLAB,Morepen Laboratories Limited,EQ,2
MOTHERSON,Samvardhana Motherson International Limited,EQ,1
MOTILALOFS,Motilal Oswal Financial Services Limited,EQ,1
MOTOGENFIN,The Motor & General Finance Limited,BE,5
MPHASIS,MphasiS Limited,EQ,10
MPSLTD,MPS Limited,EQ,10
MRF,MRF Limited,EQ,10
MRO-TEK,MRO-TEK Realty Limited,EQ,5
MRPL,Mangalore Refinery and Petrochemicals Limited,EQ,10
MSPL,MSP Steel & Power Limited,EQ,10
MSTCLTD,Mstc Limited,EQ,10
MSUMI,Motherson Sumi Wiring India Limited,EQ,1
MTARTECH,Mtar Technologies Limited,EQ,10
MTEDUCARE,MT Educare Limited,BE,10
MTNL,Mahanagar Telephone Nigam Limited,EQ,10
MUKANDLTD,Mukand Limited,EQ,10
MUKTAARTS,Mukta Arts Limited,EQ,5
MUNJALAU,Munjal Auto Industries Limited,EQ,2
MUNJALSHOW,Munjal Showa Limited,EQ,2
MURUDCERA,Murudeshwar Ceramics Limited,EQ,10
MUTHOOTCAP,Muthoot Capital Services Limited,EQ,10
MUTHOOTFIN,Muthoot Finance Limited,EQ,10
NACLIND,NACL Industries Limited,EQ,1
NAGAFERT,Nagarjuna Fertilizers and Chemicals Limited,EQ,1
NAGREEKCAP,Nagreeka Capital & Infrastructure Limited,EQ,5
NAGREEKEXP,Nagreeka Exports Limited,EQ,5
NAHARCAP,Nahar Capital and Financial Services Limited,EQ,5
NAHARINDUS,Nahar Industrial Enterprises Limited,EQ,10
NAHARPOLY,Nahar Poly Films Limited,EQ,5
NAHARSPING,Nahar Spinning Mills Limited,EQ,5
NAM-INDIA,Nippon Life India Asset Management Limited,EQ,10
NARMADA,Narmada Agrobase Limited,EQ,10
NATCOPHARM,Natco Pharma Limited,EQ,2
NATHBIOGEN,Nath Bio-Genes (India) Limited,EQ,10
NATIONALUM,National Aluminium Company Limited,EQ,5
NATNLSTEEL,National Steel And Agro Industries Limited,BE,10
NAUKRI,Info Edge (India) Limited,EQ,10
NAVA,NAVA LIMITED,EQ,2
NAVINFLUOR,Navin Fluorine International Limited,EQ,2
NAVKARCORP,Navkar Corporation Limited,EQ,10
NAVNETEDUL,Navneet Education Limited,EQ,2
NAZARA,Nazara Technologies Limited,EQ,4
NBCC,NBCC (India) Limited,EQ,1
NBIFIN,N. B. I. Industrial Finance Company Limited,EQ,5
NCC,NCC Limited,EQ,2
NCLIND,NCL Industries Limited,EQ,10
NDGL,Naga Dhunseri Group Limited,EQ,10
NDL,Nandan Denim Limited,EQ,10
NDRAUTO,Ndr Auto Components Limited,EQ,10
NDTV,New Delhi Television Limited,EQ,4
NECCLTD,North Eastern Carrying Corporation Limited,EQ,10
NECLIFE,Nectar Lifesciences Limited,EQ,1
NELCAST,Nelcast Limited,EQ,2
NELCO,NELCO Limited,EQ,10
NEOGEN,Neogen Chemicals Limited,EQ,10
NESCO,Nesco Limited,EQ,2
NESTLEIND,Nestle India Limited,EQ,10
NETWORK18,Network18 Media & Investments Limited,EQ,5
NEULANDLAB,Neuland Laboratories Limited,EQ,10
NEWGEN,Newgen Software Technologies Limited,EQ,10
NEXTMEDIA,Next Mediaworks Limited,EQ,10
NFL,National Fertilizers Limited,EQ,10
NGIL,Nakoda Group of Industries Limited,EQ,10
NGLFINE,NGL Fine-Chem Limited,EQ,5
NH,Narayana Hrudayalaya Ltd.,EQ,10
NHPC,NHPC Limited,EQ,10
NIACL,The New India Assurance Company Limited,EQ,5
NIBL,NRB Industrial Bearings Limited,EQ,2
NIITLTD,NIIT Limited,EQ,2
NILAINFRA,Nila Infrastructures Limited,EQ,1
NILASPACES,Nila Spaces Limited,EQ,1
NILKAMAL,Nilkamal Limited,EQ,10
NINSYS,NINtec Systems Limited,EQ,10
NIPPOBATRY,Indo-National Limited,EQ,5
NIRAJ,Niraj Cement Structurals Limited,EQ,10
NIRAJISPAT,Niraj Ispat Industries Limited,BE,10
NITCO,Nitco Limited,EQ,10
NITINSPIN,Nitin Spinners Limited,EQ,10
NITIRAJ,Nitiraj Engineers Limited,EQ,10
NKIND,NK Industries Limited,EQ,10
NLCINDIA,NLC India Limited,EQ,10
NMDC,NMDC Limited,EQ,1
NOCIL,NOCIL Limited,EQ,10
NOIDATOLL,Noida Toll Bridge Company Limited,EQ,10
NORBTEAEXP,Norben Tea & Exports Limited,EQ,10
NOVARTIND,Novartis India Limited,EQ,5
NRAIL,N R Agarwal Industries Limited,EQ,10
NRBBEARING,NRB Bearing Limited,EQ,2
NRL,Nupur Recyclers Limited,EQ,10
NSIL,Nalwa Sons Investments Limited,EQ,10
NSLNISP,NMDC Steel Limited,EQ,10
NTPC,NTPC Limited,EQ,10
NUCLEUS,Nucleus Software Exports Limited,EQ,10
NURECA,Nureca Limited,EQ,10
NUVOCO,Nuvoco Vistas Corporation Limited,EQ,10
NXTDIGITAL,NXTDIGITAL LIMITED,EQ,10
NYKAA,FSN E-Commerce Ventures Limited,EQ,1
OAL,Oriental Aromatics Limited,EQ,5
OBCL,Orissa Bengal Carrier Limited,EQ,10
OBEROIRLTY,Oberoi Realty Limited,EQ,10
OCCL,Oriental Carbon & Chemicals Limited,EQ,10
OFSS,Oracle Financial Services Software Limited,EQ,5
OIL,Oil India Limited,EQ,10
OILCOUNTUB,Oil Country Tubular Limited,EQ,10
OLECTRA,Olectra Greentech Limited,EQ,4
OMAXAUTO,Omax Autos Limited,EQ,10
OMAXE,Omaxe Limited,EQ,10
OMINFRAL,OM INFRA LIMITED,EQ,1
ONELIFECAP,Onelife Capital Advisors Limited,EQ,10
ONEPOINT,One Point One Solutions Limited,EQ,2
ONGC,Oil & Natural Gas Corporation Limited,EQ,5
ONMOBILE,OnMobile Global Limited,EQ,10
ONWARDTEC,Onward Technologies Limited,EQ,10
OPTIEMUS,Optiemus Infracom Limited,EQ,10
ORBTEXP,Orbit Exports Limited,EQ,10
ORCHPHARMA,Orchid Pharma Limited,BE,10
ORICONENT,Oricon Enterprises Limited,EQ,2
ORIENTABRA,Orient Abrasives Limited,EQ,1
ORIENTALTL,Oriental Trimex Limited,EQ,10
ORIENTBELL,Orient Bell Limited,EQ,10
ORIENTCEM,Orient Cement Limited,EQ,1
ORIENTELEC,Orient Electric Limited,EQ,1
ORIENTHOT,Oriental Hotels Limited,EQ,1
ORIENTLTD,Orient Press Limited,EQ,10
ORIENTPPR,Orient Paper & Industries Limited,EQ,1
ORISSAMINE,The Orissa Minerals Development Company Limited,EQ,1
ORTINLAB,Ortin Laboratories Limited,EQ,10
OSIAHYPER,Osia Hyper Retail Limited,EQ,1
OSWALAGRO,Oswal Agro Mills Limited,EQ,10
OSWALSEEDS,ShreeOswal Seeds And Chemicals Limited,EQ,10
PAGEIND,Page Industries Limited,EQ,10
PAISALO,Paisalo Digital Limited,EQ,1
PALASHSECU,Palash Securities Limited,EQ,10
PALREDTEC,Palred Technologies Limited,EQ,10
PANACEABIO,Panacea Biotec Limited,EQ,1
PANACHE,Panache Digilife Limited,BE,10
PANAMAPET,Panama Petrochem Limited,EQ,2
PANSARI,Pansari Developers Limited,EQ,10
PAR,Par Drugs And Chemicals Limited,EQ,10
PARACABLES,Paramount Communications Limited,EQ,2
PARADEEP,Paradeep Phosphates Limited,EQ,10
PARAGMILK,Parag Milk Foods Limited,EQ,10
PARAS,Paras Defence and Space Technologies Limited,EQ,10
PARASPETRO,Paras Petrofils Limited,BE,1
PARSVNATH,Parsvnath Developers Limited,EQ,5
PASUPTAC,Pasupati Acrylon Limited,EQ,10
PATANJALI,Patanjali Foods Limited,BE,2
PATELENG,Patel Engineering Limited,EQ,1
PATINTLOG,Patel Integrated Logistics Limited,EQ,10
PAYTM,One 97 Communications Limited,EQ,1
PCBL,PCBL LIMITED,EQ,1
PCJEWELLER,PC Jeweller Limited,EQ,10
PDMJEPAPER,Pudumjee Paper Products Limited,EQ,1
PDSL,PDS Limited,EQ,2
PEARLPOLY,Pearl Polymers Limited,EQ,10
PEL,Piramal Enterprises Limited,EQ,2
PENIND,Pennar Industries Limited,EQ,5
PENINLAND,Peninsula Land Limited,EQ,2
PERSISTENT,Persistent Systems Limited,EQ,10
PETRONET,Petronet LNG Limited,EQ,10
PFC,Power Finance Corporation Limited,EQ,10
PFIZER,Pfizer Limited,EQ,10
PFOCUS,Prime Focus Limited,EQ,1
PFS,PTC India Financial Services Limited,EQ,10
PGEL,PG Electroplast Limited,EQ,10
PGHH,Procter & Gamble Hygiene and Health Care Limited,EQ,10
PGHL,Procter & Gamble Health Limited,EQ,10
PGIL,Pearl Global Industries Limited,EQ,10
PHOENIXLTD,The Phoenix Mills Limited,EQ,2
PIDILITIND,Pidilite Industries Limited,EQ,1
PIIND,PI Industries Limited,EQ,1
PILANIINVS,Pilani Investment and Industries Corporation Limited,EQ,10
PILITA,PIL ITALICA LIFESTYLE LIMITED,EQ,1
PIONEEREMB,Pioneer Embroideries Limited,EQ,10
PITTIENG,Pitti Engineering Limited,EQ,5
PIXTRANS,Pix Transmissions Limited,EQ,10
PKTEA,The Peria Karamalai Tea & Produce Company Limited,BE,10
PLASTIBLEN,Plastiblends India Limited,EQ,5
PNB,Punjab National Bank,EQ,2
PNBGILTS,PNB Gilts Limited,EQ,10
PNBHOUSING,PNB Housing Finance Limited,EQ,10
PNC,Pritish Nandy Communications Limited,EQ,10
PNCINFRA,PNC Infratech Limited,EQ,2
POCL,Pondy Oxides & Chemicals Limited,EQ,10
PODDARHOUS,Poddar Housing and Development Limited,EQ,10
PODDARMENT,Poddar Pigments Limited,EQ,10
POKARNA,Pokarna Limited,EQ,2
POLICYBZR,PB Fintech Limited,EQ,2
POLYCAB,Polycab India Limited,EQ,10
POLYMED,Poly Medicure Limited,EQ,5
POLYPLEX,Polyplex Corporation Limited,EQ,10
PONNIERODE,Ponni Sugars (Erode) Limited,EQ,10
POONAWALLA,Poonawalla Fincorp Limited,EQ,2
POWERGRID,Power Grid Corporation of India Limited,EQ,10
POWERINDIA,Hitachi Energy India Limited,EQ,2
POWERMECH,Power Mech Projects Limited,EQ,10
PPAP,PPAP Automotive Limited,EQ,10
PPL,Prakash Pipes Limited,EQ,10
PPLPHARMA,Piramal Pharma Limited,EQ,10
PRAENG,Prajay Engineers Syndicate Limited,EQ,10
PRAJIND,Praj Industries Limited,EQ,2
PRAKASH,Prakash Industries Limited,EQ,10
PRAKASHSTL,Prakash Steelage Limited,EQ,1
PRAXIS,Praxis Home Retail Limited,EQ,5
PRECAM,Precision Camshafts Limited,EQ,10
PRECOT,Precot Limited,EQ,10
PRECWIRE,Precision Wires India Limited,EQ,1
PREMEXPLN,Premier Explosives Limited,EQ,10
PREMIER,Premier Limited,BE,10
PREMIERPOL,Premier Polyfilm Limited,EQ,5
PRESSMN,Pressman Advertising Limited,EQ,2
PRESTIGE,Prestige Estates Projects Limited,EQ,10
PRICOLLTD,Pricol Limited,EQ,1
PRIMESECU,Prime Securities Limited,EQ,5
PRINCEPIPE,Prince Pipes And Fittings Limited,EQ,10
PRITI,Priti International Limited,EQ,10
PRITIKAUTO,Pritika Auto Industries Limited,EQ,2
PRIVISCL,Privi Speciality Chemicals Limited,EQ,10
PROZONINTU,Prozone Intu Properties Limited,EQ,2
PRSMJOHNSN,Prism Johnson Limited,EQ,10
PRUDENT,Prudent Corporate Advisory Services Limited,EQ,5
PSB,Punjab & Sind Bank,EQ,10
PSPPROJECT,PSP Projects Limited,EQ,10
PTC,PTC India Limited,EQ,10
PTL,PTL Enterprises Limited,EQ,1
PUNJABCHEM,Punjab Chemicals & Crop Protection Limited,EQ,10
PURVA,Puravankara Limited,EQ,5
PVP,PVP Ventures Limited,EQ,10
PVR,PVR Limited,EQ,10
QUESS,Quess Corp Limited,EQ,10
QUICKHEAL,Quick Heal Technologies Limited,EQ,10
RADHIKAJWE,Radhika Jeweltech Limited,EQ,10
RADIANTCMS,Radiant Cash Management Services Limited,EQ,1
RADICO,Radico Khaitan Limited,EQ,2
RADIOCITY,Music Broadcast Limited,EQ,2
RAILTEL,Railtel Corporation Of India Limited,EQ,10
RAIN,Rain Industries Limited,EQ,2
RAINBOW,Rainbow Childrens Medicare Limited,EQ,10
RAJESHEXPO,Rajesh Exports Limited,EQ,1
RAJMET,Rajnandini Metal Limited,EQ,1
RAJRATAN,Rajratan Global Wire Limited,EQ,2
RAJRILTD,Raj Rayon Industries Limited,BE,1
RAJSREESUG,Rajshree Sugars & Chemicals Limited,EQ,10
RAJTV,Raj Television Network Limited,EQ,5
RALLIS,Rallis India Limited,EQ,1
RAMANEWS,Shree Rama Newsprint Limited,EQ,10
RAMAPHO,Rama Phosphates Limited,EQ,10
RAMASTEEL,Rama Steel Tubes Limited,EQ,1
RAMCOCEM,The Ramco Cements Limited,EQ,1
RAMCOIND,Ramco Industries Limited,EQ,1
RAMCOSYS,Ramco Systems Limited,EQ,10
RAMKY,Ramky Infrastructure Limited,EQ,10
RAMRAT,Ram Ratna Wires Limited,EQ,5
RANASUG,Rana Sugars Limited,EQ,10
RANEENGINE,Rane Engine Valve Limited,EQ,10
RANEHOLDIN,Rane Holdings Limited,EQ,10
RATEGAIN,Rategain Travel Technologies Limited,EQ,1
RATNAMANI,Ratnamani Metals & Tubes Limited,EQ,2
RAYMOND,Raymond Limited,EQ,10
RBA,Restaurant Brands Asia Limited,EQ,10
RBL,Rane Brake Lining Limited,EQ,10
RBLBANK,RBL Bank Limited,EQ,10
RCF,Rashtriya Chemicals and Fertilizers Limited,EQ,10
RCOM,Reliance Communications Limited,BE,5
RECLTD,REC Limited,EQ,10
REDINGTON,Redington Limited,EQ,2
REFEX,Refex Industries Limited,EQ,10
REGENCERAM,Regency Ceramics Limited,BE,10
RELAXO,Relaxo Footwears Limited,EQ,1
RELCAPITAL,Reliance Capital Limited,BE,10
RELCHEMQ,Reliance Chemotex Industries Limited,EQ,10
RELIANCE,Reliance Industries Limited,EQ,10
RELIGARE,Religare Enterprises Limited,EQ,10
RELINFRA,Reliance Infrastructure Limited,EQ,10
REMSONSIND,Remsons Industries Limited,EQ,10
RENUKA,Shree Renuka Sugars Limited,EQ,1
REPCOHOME,Repco Home Finance Limited,EQ,10
REPL,Rudrabhishek Enterprises Limited,EQ,10
REPRO,Repro India Limited,EQ,10
RESPONIND,Responsive Industries Limited,EQ,1
REVATHI,Revathi Equipment Limited,EQ,10
RGL,Renaissance Global Limited,EQ,2
RHFL,Reliance Home Finance Limited,EQ,10
RHIM,RHI MAGNESITA INDIA LIMITED,EQ,1
RICOAUTO,Rico Auto Industries Limited,EQ,1
RIIL,Reliance Industrial Infrastructure Limited,EQ,10
RITCO,Ritco Logistics Limited,EQ,10
RITES,RITES Limited,EQ,10
RKDL,Ravi Kumar Distilleries Limited,EQ,10
RKEC,RKEC Projects Limited,EQ,10
RKFORGE,Ramkrishna Forgings Limited,EQ,2
RMCL,Radha Madhav Corporation Limited,BZ,10
RML,Rane (Madras) Limited,EQ,10
RNAVAL,Reliance Naval and Engineering Limited,BZ,10
ROHLTD,Royal Orchid Hotels Limited,EQ,10
ROLEXRINGS,Rolex Rings Limited,EQ,10
ROLLT,Rollatainers Limited,EQ,1
ROLTA,Rolta India Limited,BZ,10
ROML,Raj Oil Mills Limited,EQ,10
ROSSARI,Rossari Biotech Limited,EQ,2
ROSSELLIND,Rossell India Limited,EQ,2
ROTO,Roto Pumps Limited,EQ,2
ROUTE,ROUTE MOBILE LIMITED,EQ,10
RPGLIFE,RPG Life Sciences Limited,EQ,8
RPOWER,Reliance Power Limited,EQ,10
RPPINFRA,R.P.P. Infra Projects Limited,EQ,10
RPPL,Rajshree Polypack Limited,EQ,10
RPSGVENT,RPSG VENTURES LIMITED,EQ,10
RSSOFTWARE,R. S. Software (India) Limited,EQ,5
RSWM,RSWM Limited,EQ,10
RSYSTEMS,R Systems International Limited,EQ,1
RTNINDIA,RattanIndia Enterprises Limited,EQ,2
RTNPOWER,RattanIndia Power Limited,EQ,10
RUBYMILLS,The Ruby Mills Limited,EQ,5
RUCHINFRA,Ruchi Infrastructure Limited,BE,1
RUCHIRA,Ruchira Papers Limited,EQ,10
RUPA,Rupa & Company Limited,EQ,1
RUSHIL,Rushil Decor Limited,EQ,10
RUSTOMJEE,Keystone Realtors Limited,EQ,10
RVHL,Ravinder Heights Limited,EQ,1
RVNL,Rail Vikas Nigam Limited,EQ,10
SABEVENTS,Sab Events & Governance Now Media Limited,EQ,10
SABTN,Sri Adhikari Brothers Television Network Limited,BE,10
SADBHAV,Sadbhav Engineering Limited,EQ,1
SADBHIN,Sadbhav Infrastructure Project Limited,EQ,10
SAFARI,Safari Industries (India) Limited,EQ,2
SAGARDEEP,Sagardeep Alloys Limited,EQ,10
SAGCEM,Sagar Cements Limited,EQ,2
SAH,Sah Polymers Limited,EQ,10
SAIL,Steel Authority of India Limited,EQ,10
SAKAR,Sakar Healthcare Limited,EQ,10
SAKHTISUG,Sakthi Sugars Limited,EQ,10
SAKSOFT,Saksoft Limited,EQ,1
SAKUMA,Sakuma Exports Limited,EQ,1
SALASAR,Salasar Techno Engineering Limited,EQ,1
SALONA,Salona Cotspin Limited,EQ,10
SALSTEEL,S.A.L. Steel Limited,EQ,10
SALZERELEC,Salzer Electronics Limited,EQ,10
SAMBHAAV,Sambhaav Media Limited,EQ,1
SANCO,Sanco Industries Limited,BE,10
SANDESH,The Sandesh Limited,EQ,10
SANDHAR,Sandhar Technologies Limited,EQ,10
SANGAMIND,Sangam (India) Limited,EQ,10
SANGHIIND,Sanghi Industries Limited,EQ,10
SANGHVIMOV,Sanghvi Movers Limited,EQ,2
SANGINITA,Sanginita Chemicals Limited,EQ,10
SANOFI,Sanofi India Limited,EQ,10
SANSERA,Sansera Engineering Limited,EQ,2
SANWARIA,Sanwaria Consumer Limited,BZ,1
SAPPHIRE,Sapphire Foods India Limited,EQ,10
SARDAEN,Sarda Energy & Minerals Limited,EQ,10
SAREGAMA,Saregama India Limited,EQ,1
SARLAPOLY,Sarla Performance Fibers Limited,EQ,1
SARVESHWAR,Sarveshwar Foods Limited,EQ,10
SASKEN,Sasken Technologies Limited,EQ,10
SASTASUNDR,Sastasundar Ventures Limited,EQ,10
SATIA,Satia Industries Limited,EQ,1
SATIN,Satin Creditcare Network Limited,EQ,10
SATINDLTD,Sat Industries Limited,EQ,2
SBC,SBC Exports Limited,EQ,1
SBCL,Shivalik Bimetal Controls Limited,EQ,2
SBGLP,Suratwwala Business Group Limited,EQ,10
SBICARD,SBI Cards and Payment Services Limited,EQ,10
SBILIFE,SBI Life Insurance Company Limited,EQ,10
SBIN,State Bank of India,EQ,1
SCAPDVR,Stampede Capital Limited,EQ,1
SCHAEFFLER,Schaeffler India Limited,EQ,2
SCHAND,S Chand And Company Limited,EQ,5
SCHNEIDER,Schneider Electric Infrastructure Limited,EQ,2
SCI,Shipping Corporation Of India Limited,EQ,10
SCPL,Sheetal Cool Products Limited,EQ,10
SDBL,Som Distilleries & Breweries Limited,EQ,5
SEAMECLTD,Seamec Limited,EQ,10
SECURCRED,SecUR Credentials Limited,EQ,10
SECURKLOUD,SECUREKLOUD TECHNOLOGIES LIMITED,EQ,5
SEJALLTD,Sejal Glass Limited,BE,10
SELAN,Selan Exploration Technology Limited,EQ,10
SELMC,SEL Manufacturing Company Limited,BE,10
SEPC,SEPC Limited,EQ,10
SEPOWER,S.E. Power Limited,EQ,10
SEQUENT,Sequent Scientific Limited,EQ,2
SERVOTECH,Servotech Power Systems Limited,BE,2
SESHAPAPER,Seshasayee Paper and Boards Limited,EQ,2
SETCO,Setco Automotive Limited,EQ,2
SETUINFRA,Setubandhan Infrastructure Limited,BE,1
SEYAIND,Seya Industries Limited,BE,10
SFL,Sheela Foam Limited,EQ,5
SGIL,Synergy Green Industries Limited,EQ,10
SGL,STL Global Limited,EQ,10
SHAHALLOYS,Shah Alloys Limited,EQ,10
SHAILY,Shaily Engineering Plastics Limited,EQ,10
SHAKTIPUMP,Shakti Pumps (India) Limited,EQ,10
SHALBY,Shalby Limited,EQ,10
SHALPAINTS,Shalimar Paints Limited,EQ,2
SHANKARA,Shankara Building Products Limited,EQ,10
SHANTI,Shanti Overseas (India) Limited,EQ,10
SHANTIGEAR,Shanthi Gears Limited,EQ,1
SHARDACROP,Sharda Cropchem Limited,EQ,10
SHARDAMOTR,Sharda Motor Industries Limited,EQ,2
SHAREINDIA,Share India Securities Limited,EQ,10
SHEMAROO,Shemaroo Entertainment Limited,EQ,10
SHILPAMED,Shilpa Medicare Limited,EQ,1
SHIVALIK,Shivalik Rasayan Limited,EQ,5
SHIVAMAUTO,Shivam Autotech Limited,EQ,2
SHIVAMILLS,Shiva Mills Limited,EQ,10
SHIVATEX,Shiva Texyarn Limited,EQ,10
SHK,S H Kelkar and Company Limited,EQ,10
SHOPERSTOP,Shoppers Stop Limited,EQ,5
SHRADHA,Shradha Infraprojects Limited,EQ,5
SHREDIGCEM,Shree Digvijay Cement Co.Ltd,EQ,10
SHREECEM,SHREE CEMENT LIMITED,EQ,10
SHREEPUSHK,Shree Pushkar Chemicals & Fertilisers Limited,EQ,10
SHREERAMA,Shree Rama Multi-Tech Limited,EQ,5
SHRENIK,Shrenik Limited,EQ,1
SHREYANIND,Shreyans Industries Limited,EQ,10
SHREYAS,Shreyas Shipping & Logistics Limited,EQ,10
SHRIPISTON,Shriram Pistons & Rings Limited,BE,10
SHRIRAMFIN,Shriram Finance Limited,EQ,10
SHRIRAMPPS,Shriram Properties Limited,EQ,10
SHYAMCENT,Shyam Century Ferrous Limited,EQ,1
SHYAMMETL,Shyam Metalics and Energy Limited,EQ,10
SHYAMTEL,Shyam Telecom Limited,EQ,10
SIEMENS,Siemens Limited,EQ,2
SIGACHI,Sigachi Industries Limited,EQ,10
SIGIND,Signet Industries Limited,EQ,10
SIKKO,Sikko Industries Limited,EQ,10
SIL,Standard Industries Limited,BE,5
SILGO,Silgo Retail Limited,EQ,10
SILINV,SIL Investments Limited,EQ,10
SILLYMONKS,Silly Monks Entertainment Limited,EQ,10
SILVERTUC,Silver Touch Technologies Limited,EQ,10
SIMBHALS,Simbhaoli Sugars Limited,EQ,10
SIMPLEXINF,Simplex Infrastructures Limited,EQ,2
SINTERCOM,Sintercom India Limited,EQ,10
SIRCA,Sirca Paints India Limited,EQ,10
SIS,SIS LIMITED,EQ,5
SITINET,Siti Networks Limited,EQ,1
SIYSIL,Siyaram Silk Mills Limited,EQ,2
SJS,S.J.S. Enterprises Limited,EQ,10
SJVN,SJVN Limited,EQ,10
SKFINDIA,SKF India Limited,EQ,10
SKIPPER,Skipper Limited,EQ,1
SKMEGGPROD,SKM Egg Products Export (India) Limited,EQ,10
SKYGOLD,Sky Gold Limited,EQ,10
SMARTLINK,Smartlink Holdings Limited,EQ,2
SMCGLOBAL,SMC Global Securities Limited,EQ,2
SMLISUZU,SML Isuzu Limited,EQ,10
SMLT,Sarthak Metals Limited,EQ,10
SMSLIFE,SMS Lifesciences India Limited,EQ,10
SMSPHARMA,SMS Pharmaceuticals Limited,EQ,1
SNOWMAN,Snowman Logistics Limited,EQ,10
SOBHA,Sobha Limited,EQ,10
SOFTTECH,Softtech Engineers Limited,EQ,10
SOLARA,Solara Active Pharma Sciences Limited,EQ,10
SOLARINDS,Solar Industries India Limited,EQ,2
SOMANYCERA,Somany Ceramics Limited,EQ,2
SOMATEX,Soma Textiles & Industries Limited,BE,10
SOMICONVEY,Somi Conveyor Beltings Limited,EQ,10
SONACOMS,Sona BLW Precision Forgings Limited,EQ,10
SONAMCLOCK,Sonam Clock Limited,EQ,10
SONATSOFTW,Sonata Software Limited,EQ,1
SOTL,Savita Oil Technologies Limited,EQ,2
SOUTHBANK,The South Indian Bank Limited,EQ,1
SOUTHWEST,South West Pinnacle Exploration Limited,EQ,10
SPAL,S. P. Apparels Limited,EQ,10
SPANDANA,Spandana Sphoorty Financial Limited,EQ,10
SPARC,Sun Pharma Advanced Research Company Limited,EQ,1
SPCENET,Spacenet Enterprises India Limited,EQ,1
SPECIALITY,Speciality Restaurants Limited,EQ,10
SPENCERS,Spencer's Retail Limited,EQ,5
SPENTEX,Spentex Industries Limited,BZ,10
SPIC,Southern Petrochemicals Industries Corporation  Limited,EQ,10
SPICEJET,SPICEJET LTD,EQ,10
SPLIL,SPL Industries Limited,EQ,10
SPLPETRO,Supreme Petrochem Limited,EQ,2
SPMLINFRA,SPML Infra Limited,EQ,2
SPORTKING,Sportking India Limited,EQ,10
SPTL,Sintex Plastics Technology Limited,BE,1
SREEL,Sreeleathers Limited,EQ,10
SRF,SRF Limited,EQ,10
SRHHYPOLTD,Sree Rayalaseema Hi-Strength Hypo Limited,EQ,10
SRPL,Shree Ram Proteins Limited,EQ,10
SSWL,Steel Strips Wheels Limited,EQ,1
STAR,Strides Pharma Science Limited,EQ,10
STARCEMENT,Star Cement Limited,EQ,1
STARHEALTH,Star Health and Allied Insurance Company Limited,EQ,10
STARPAPER,Star Paper Mills Limited,EQ,10
STARTECK,Starteck Finance Limited,EQ,10
STCINDIA,The State Trading Corporation of India Limited,EQ,10
STEELCAS,Steelcast Limited,EQ,5
STEELCITY,Steel City Securities Limited,EQ,10
STEELXIND,STEEL EXCHANGE INDIA LIMITED,EQ,1
STEL,Stel Holdings Limited,EQ,10
STERTOOLS,Sterling Tools Limited,EQ,2
STLTECH,Sterlite Technologies Limited,EQ,2
STOVEKRAFT,Stove Kraft Limited,EQ,10
STYLAMIND,Stylam Industries Limited,EQ,5
STYRENIX,Styrenix Performance Materials Limited,EQ,10
SUBEXLTD,Subex Limited,EQ,5
SUBROS,Subros Limited,EQ,2
SUDARSCHEM,Sudarshan Chemical Industries Limited,EQ,2
SUKHJITS,Sukhjit Starch & Chemicals Limited,EQ,10
SULA,Sula Vineyards Limited,EQ,2
SUMEETINDS,Sumeet Industries Limited,BE,10
SUMICHEM,Sumitomo Chemical India Limited,EQ,10
SUMIT,Sumit Woods Limited,BE,10
SUMMITSEC,Summit Securities Limited,EQ,10
SUNCLAYLTD,Sundaram Clayton Limited,EQ,5
SUNDARAM,Sundaram Multi Pap Limited,EQ,1
SUNDARMFIN,Sundaram Finance Limited,EQ,10
SUNDARMHLD,Sundaram Finance Holdings Limited,EQ,5
SUNDRMBRAK,Sundaram Brake Linings Limited,EQ,10
SUNDRMFAST,Sundram Fasteners Limited,EQ,1
SUNFLAG,Sunflag Iron And Steel Company Limited,EQ,10
SUNPHARMA,Sun Pharmaceutical Industries Limited,EQ,1
SUNTECK,Sunteck Realty Limited,EQ,1
SUNTV,Sun TV Network Limited,EQ,5
SUPERHOUSE,Superhouse Limited,EQ,10
SUPERSPIN,Super Spinning Mills Limited,EQ,1
SUPRAJIT,Suprajit Engineering Limited,EQ,1
SUPREMEENG,Supreme Engineering Limited,EQ,1
SUPREMEIND,Supreme Industries Limited,EQ,2
SUPREMEINF,Supreme Infrastructure India Limited,EQ,10
SUPRIYA,Supriya Lifescience Limited,EQ,2
SURANASOL,Surana Solar Limited,EQ,5
SURANAT&P,Surana Telecom and Power Limited,EQ,1
SURYALAXMI,Suryalakshmi Cotton Mills Limited,EQ,10
SURYAROSNI,Surya Roshni Limited,EQ,10
SURYODAY,Suryoday Small Finance Bank Limited,EQ,10
SUTLEJTEX,Sutlej Textiles and Industries Limited,EQ,1
SUULD,Suumaya Industries Limited,EQ,10
SUVEN,Suven Life Sciences Limited,EQ,1
SUVENPHAR,Suven Pharmaceuticals Limited,EQ,1
SUVIDHAA,Suvidhaa Infoserve Limited,EQ,1
SUZLON,Suzlon Energy Limited,EQ,2
SVPGLOB,SVP GLOBAL TEXTILES LIMITED,EQ,1
SWANENERGY,Swan Energy Limited,EQ,1
SWARAJENG,Swaraj Engines Limited,EQ,10
SWELECTES,Swelect Energy Systems Limited,EQ,10
SWSOLAR,Sterling and Wilson Renewable Energy Limited,EQ,1
SYMPHONY,Symphony Limited,EQ,2
SYNCOMF,Syncom Formulations (India) Limited,EQ,1
SYNGENE,Syngene International Limited,EQ,10
SYRMA,Syrma SGS Technology Limited,EQ,10
TAINWALCHM,Tainwala Chemical and Plastic (I) Limited,EQ,10
TAJGVK,Taj GVK Hotels & Resorts Limited,EQ,2
TAKE,Take Solutions Limited,EQ,1
TALBROAUTO,Talbros Automotive Components Limited,EQ,10
TANLA,Tanla Platforms Limited,EQ,1
TANTIACONS,Tantia Constructions Limited,BZ,10
TARAPUR,Tarapur Transformers Limited,EQ,10
TARC,TARC Limited,EQ,2
TARMAT,Tarmat Limited,EQ,10
TARSONS,Tarsons Products Limited,EQ,2
TASTYBITE,Tasty Bite Eatables Limited,EQ,10
TATACHEM,Tata Chemicals Limited,EQ,10
TATACOFFEE,Tata Coffee Limited,EQ,1
TATACOMM,Tata Communications Limited,EQ,10
TATACONSUM,TATA CONSUMER PRODUCTS LIMITED,EQ,1
TATAELXSI,Tata Elxsi Limited,EQ,10
TATAINVEST,Tata Investment Corporation Limited,EQ,10
TATAMETALI,Tata Metaliks Limited,EQ,10
TATAMOTORS,Tata Motors Limited,EQ,2
TATAMTRDVR,Tata Motors Limited,EQ,2
TATAPOWER,Tata Power Company Limited,EQ,1
TATASTEEL,Tata Steel Limited,EQ,1
TATASTLLP,Tata Steel Long Products Limited,EQ,10
TATVA,Tatva Chintan Pharma Chem Limited,EQ,10
TBZ,Tribhovandas Bhimji Zaveri Limited,EQ,10
TCI,Transport Corporation of India Limited,EQ,2
TCIEXP,TCI Express Limited,EQ,2
TCNSBRANDS,TCNS Clothing Co. Limited,EQ,2
TCPLPACK,TCPL Packaging Limited,EQ,10
TCS,Tata Consultancy Services Limited,EQ,1
TDPOWERSYS,TD Power Systems Limited,EQ,2
TEAMLEASE,Teamlease Services Limited,EQ,10
TECHIN,Techindia Nirman Limited,EQ,10
TECHM,Tech Mahindra Limited,EQ,5
TECHNOE,Techno Electric & Engineering Company Limited,EQ,2
TEGA,Tega Industries Limited,EQ,10
TEJASNET,Tejas Networks Limited,EQ,10
TEMBO,Tembo Global Industries Limited,EQ,10
TERASOFT,Tera Software Limited,EQ,10
TEXINFRA,Texmaco Infrastructure & Holdings Limited,EQ,1
TEXMOPIPES,Texmo Pipes and Products Limited,EQ,10
TEXRAIL,Texmaco Rail & Engineering Limited,EQ,1
TFCILTD,Tourism Finance Corporation of India Limited,EQ,10
TFL,Transwarranty Finance Limited,EQ,10
TGBHOTELS,TGB Banquets And Hotels Limited,EQ,10
THANGAMAYL,Thangamayil Jewellery Limited,EQ,10
THEINVEST,The Investment Trust Of India Limited,EQ,10
THEMISMED,Themis Medicare Limited,EQ,10
THERMAX,Thermax Limited,EQ,2
THOMASCOOK,Thomas Cook  (India)  Limited,EQ,1
THOMASCOTT,Thomas Scott (India) Limited,EQ,10
THYROCARE,Thyrocare Technologies Limited,EQ,10
TI,Tilaknagar Industries Limited,EQ,10
TIDEWATER,Tide Water Oil Company (India) Limited,EQ,2
TIIL,Technocraft Industries (India) Limited,EQ,10
TIINDIA,Tube Investments of India Limited,EQ,1
TIJARIA,Tijaria Polypipes Limited,EQ,10
TIL,TIL Limited,EQ,10
TIMESGTY,Times Guaranty Limited,EQ,10
TIMETECHNO,Time Technoplast Limited,EQ,1
TIMKEN,Timken India Limited,EQ,10
TINPLATE,The Tinplate Company of India Limited,EQ,10
TIPSFILMS,Tips Films Limited,EQ,10
TIPSINDLTD,TIPS Industries Limited,EQ,10
TIRUMALCHM,Thirumalai Chemicals Limited,EQ,1
TIRUPATIFL,Tirupati Forge Limited,EQ,2
TITAN,Titan Company Limited,EQ,1
TMB,Tamilnad Mercantile Bank Limited,EQ,10
TNPETRO,Tamilnadu PetroProducts Limited,EQ,10
TNPL,Tamil Nadu Newsprint & Papers Limited,EQ,10
TNTELE,Tamilnadu Telecommunication Limited,BE,10
TOKYOPLAST,Tokyo Plast International Limited,EQ,10
TORNTPHARM,Torrent Pharmaceuticals Limited,EQ,5
TORNTPOWER,Torrent Power Limited,EQ,10
TOTAL,Total Transport Systems Limited,EQ,10
TOUCHWOOD,Touchwood Entertainment Limited,EQ,10
TPLPLASTEH,TPL Plastech Limited,EQ,2
TRACXN,Tracxn Technologies Limited,EQ,1
TREEHOUSE,Tree House Education & Accessories Limited,EQ,10
TREJHARA,TREJHARA SOLUTIONS LIMITED,EQ,10
TRENT,Trent Limited,EQ,1
TRF,TRF Limited,EQ,10
TRIDENT,Trident Limited,EQ,1
TRIGYN,Trigyn Technologies Limited,EQ,10
TRIL,Transformers And Rectifiers (India) Limited,EQ,1
TRITURBINE,Triveni Turbine Limited,EQ,1
TRIVENI,Triveni Engineering & Industries Limited,EQ,1
TRU,TruCap Finance Limited,EQ,2
TTKHLTCARE,TTK Healthcare Limited,EQ,10
TTKPRESTIG,TTK Prestige Limited,EQ,1
TTL,T T Limited,EQ,10
TTML,Tata Teleservices (Maharashtra) Limited,EQ,10
TV18BRDCST,TV18 Broadcast Limited,EQ,2
TVSELECT,TVS Electronics Limited,EQ,10
TVSMOTOR,TVS Motor Company Limited,EQ,1
TVSSRICHAK,TVS Srichakra Limited,EQ,10
TVTODAY,TV Today Network Limited,EQ,5
TVVISION,TV Vision Limited,EQ,10
TWL,Titagarh Wagons Limited,EQ,2
UBL,United Breweries Limited,EQ,1
UCALFUEL,Ucal Fuel Systems Limited,EQ,10
UCOBANK,UCO Bank,EQ,10
UDAICEMENT,Udaipur Cement Works Limited,EQ,4
UFLEX,UFLEX Limited,EQ,10
UFO,UFO Moviez India Limited,EQ,10
UGARSUGAR,The Ugar Sugar Works Limited,EQ,1
UGROCAP,Ugro Capital Limited,EQ,10
UJAAS,Ujaas Energy Limited,BE,1
UJJIVAN,Ujjivan Financial Services Limited,EQ,10
UJJIVANSFB,Ujjivan Small Finance Bank Limited,EQ,10
ULTRACEMCO,UltraTech Cement Limited,EQ,10
UMAEXPORTS,Uma Exports Limited,EQ,10
UMANGDAIRY,Umang Dairies Limited,EQ,5
UMESLTD,Usha Martin Education & Solutions Limited,EQ,1
UNICHEMLAB,Unichem Laboratories Limited,EQ,2
UNIDT,United Drilling Tools Limited,EQ,10
UNIENTER,Uniphos Enterprises Limited,EQ,2
UNIINFO,Uniinfo Telecom Services Limited,EQ,10
UNIONBANK,Union Bank of India,EQ,10
UNIPARTS,Uniparts India Limited,EQ,10
UNITECH,Unitech Limited,BZ,2
UNITEDPOLY,United Polyfab Gujarat Limited,EQ,10
UNITEDTEA,The United Nilgiri Tea Estates Company Limited,EQ,10
UNIVASTU,Univastu India Limited,EQ,10
UNIVCABLES,Universal Cables Limited,EQ,10
UNIVPHOTO,Universus Photo Imagings Limited,EQ,10
UNOMINDA,UNO Minda Limited,EQ,2
UPL,UPL Limited,EQ,2
URJA,Urja Global Limited,EQ,1
USHAMART,Usha Martin Limited,EQ,1
UTIAMC,UTI Asset Management Company Limited,EQ,10
UTTAMSUGAR,Uttam Sugar Mills Limited,EQ,10
V2RETAIL,V2 Retail Limited,EQ,10
VADILALIND,Vadilal Industries Limited,EQ,10
VAIBHAVGBL,Vaibhav Global Limited,EQ,2
VAISHALI,Vaishali Pharma Limited,EQ,10
VAKRANGEE,Vakrangee Limited,EQ,1
VALIANTORG,Valiant Organics Limited,EQ,10
VARDHACRLC,Vardhman Acrylics Limited,EQ,10
VARDMNPOLY,Vardhman Polytex Limited,EQ,10
VARROC,Varroc Engineering Limited,EQ,1
VASCONEQ,Vascon Engineers Limited,EQ,10
VASWANI,Vaswani Industries Limited,EQ,10
VBL,Varun Beverages Limited,EQ,10
VCL,Vaxtex Cotfab Limited,EQ,1
VEDL,Vedanta Limited,EQ,1
VENKEYS,Venky's (India) Limited,EQ,10
VENUSPIPES,Venus Pipes & Tubes Limited,EQ,10
VENUSREM,Venus Remedies Limited,EQ,10
VERANDA,Veranda Learning Solutions Limited,EQ,10
VERTOZ,Vertoz Advertising Limited,EQ,10
VESUVIUS,Vesuvius India Limited,EQ,10
VETO,Veto Switchgears And Cables Limited,EQ,10
VGUARD,V-Guard Industries Limited,EQ,1
VHL,Vardhman Holdings Limited,EQ,10
VIDHIING,Vidhi Specialty Food Ingredients Limited,EQ,1
VIJAYA,Vijaya Diagnostic Centre Limited,EQ,1
VIJIFIN,Viji Finance Limited,EQ,1
VIKASECO,Vikas EcoTech Limited,EQ,1
VIKASLIFE,Vikas Lifecare Limited,EQ,1
VIKASWSP,Vikas WSP Limited,BZ,1
VIMTALABS,Vimta Labs Limited,EQ,2
VINATIORGA,Vinati Organics Limited,EQ,1
VINDHYATEL,Vindhya Telelinks Limited,EQ,10
VINEETLAB,Vineet Laboratories Limited,EQ,10
VINNY,Vinny Overseas Limited,BE,1
VINYLINDIA,Vinyl Chemicals (India) Limited,EQ,1
VIPCLOTHNG,VIP Clothing Limited,EQ,2
VIPIND,VIP Industries Limited,EQ,2
VIPULLTD,Vipul Limited,EQ,1
VISAKAIND,Visaka Industries Limited,EQ,10
VISASTEEL,Visa Steel Limited,BE,10
VISESHINFO,Visesh Infotecnics Limited,EQ,1
VISHAL,Vishal Fabrics Limited,EQ,5
VISHNU,Vishnu Chemicals Limited,EQ,2
VISHWARAJ,Vishwaraj Sugar Industries Limited,EQ,2
VIVIDHA,Visagar Polytex Limited,EQ,1
VLSFINANCE,VLS Finance Limited,EQ,10
VMART,V-Mart Retail Limited,EQ,10
VOLTAMP,Voltamp Transformers Limited,EQ,10
VOLTAS,Voltas Limited,EQ,1
VRLLOG,VRL Logistics Limited,EQ,10
VSSL,Vardhman Special Steels Limited,EQ,10
VSTIND,VST Industries Limited,EQ,10
VSTTILLERS,V.S.T Tillers Tractors Limited,EQ,10
VTL,Vardhman Textiles Limited,EQ,2
WABAG,VA Tech Wabag Limited,EQ,2
WALCHANNAG,Walchandnagar Industries Limited,EQ,2
WANBURY,Wanbury Limited,BE,10
WATERBASE,Waterbase Limited,EQ,10
WEALTH,Wealth First Portfolio Managers Limited,EQ,10
WEBELSOLAR,Websol Energy System Limited,EQ,10
WEIZMANIND,Weizmann Limited,EQ,10
WEL,Wonder Electricals Limited,EQ,10
WELCORP,Welspun Corp Limited,EQ,5
WELENT,Welspun Enterprises Limited,EQ,10
WELINV,Welspun Investments and Commercials Limited,EQ,10
WELSPUNIND,Welspun India Limited,EQ,1
WENDT,Wendt (India) Limited,EQ,10
WESTLIFE,WESTLIFE FOODWORLD LIMITED,EQ,2
WEWIN,WE WIN LIMITED,EQ,10
WHEELS,Wheels India Limited,EQ,10
WHIRLPOOL,Whirlpool of India Limited,EQ,10
WILLAMAGOR,Williamson Magor & Company Limited,EQ,10
WINDLAS,Windlas Biotech Limited,EQ,5
WINDMACHIN,Windsor Machines Limited,EQ,2
WINPRO,WinPro Industries Limited,BE,5
WIPL,The Western India Plywoods Limited,BE,10
WIPRO,Wipro Limited,EQ,2
WOCKPHARMA,Wockhardt Limited,EQ,5
WONDERLA,Wonderla Holidays Limited,EQ,10
WORTH,Worth Peripherals Limited,EQ,10
WSI,W S Industries (I) Limited,EQ,10
WSTCSTPAPR,West Coast Paper Mills Limited,EQ,2
XCHANGING,Xchanging Solutions Limited,EQ,10
XELPMOC,Xelpmoc Design And Tech Limited,EQ,10
XPROINDIA,Xpro India Limited,EQ,10
YAARI,Yaari Digital Integrated Services Limited,EQ,2
YESBANK,Yes Bank Limited,EQ,2
YUKEN,Yuken India Limited,EQ,10
ZEEL,Zee Entertainment Enterprises Limited,EQ,1
ZEELEARN,Zee Learn Limited,EQ,1
ZEEMEDIA,Zee Media Corporation Limited,EQ,1
ZENITHEXPO,Zenith Exports Limited,BE,10
ZENITHSTL,Zenith Steel Pipes & Industries Limited,EQ,10
ZENSARTECH,Zensar Technologies Limited,EQ,2
ZENTEC,Zen Technologies Limited,EQ,1
ZFCVINDIA,ZF Commercial Vehicle Control Systems India Limited,EQ,5
ZIMLAB,Zim Laboratories Limited,EQ,10
ZODIAC,Zodiac Energy Limited,EQ,10
ZODIACLOTH,Zodiac Clothing Company Limited,EQ,10
ZOMATO,Zomato Limited,EQ,1
ZOTA,Zota Health Care LImited,EQ,10
ZUARI,Zuari Agro Chemicals Limited,EQ,10
ZUARIIND,ZUARI INDUSTRIES LIMITED,EQ,10
ZYDUSLIFE,Zydus Lifesciences Limited,EQ,1
ZYDUSWELL,Zydus Wellness Limited,EQ,10
